Facility_ID,Facility_Name,Country,City,Industry,Fiscal_Year,Employee_Count,Scope1_Emissions,Scope2_Emissions,Scope3_Emissions,Total_Energy_MWh,Renewable_Energy_Percentage,Water_Withdrawal_m3,Water_Recycled_Percentage,Waste_Generated_Tons,Waste_Recycled_Percentage,Female_Workforce_Percentage,Employee_Turnover_Percentage,Training_Hours,Compliance_Violations
FAC001,Pune Automotive Plant 1,India,Pune,Automotive,2022,277,517.7,617.4,3817.8,2294.6,18,5233,19.7,80.2,40.6,36.1,15,42.2,2
FAC001,Pune Automotive Plant 1,India,Pune,Automotive,2023,300,976,235.3,4862.8,2425.7,46.5,6306.9,38.3,108.6,89.3,28.1,7,22.4,2
FAC001,Pune Automotive Plant 1,India,Pune,Automotive,2024,330,877.2,399.7,5498,2786.1,30,2890.9,38.9,302.1,85.5,28.8,8.1,29.1,0
FAC001,Pune Automotive Plant 1,India,Pune,Automotive,2025,295,1755.1,238.4,6246.7,4212.7,77.9,6996,36.5,175.7,74.8,39.1,15.4,37.2,0
FAC002,Chennai Electronics Plant 2,India,Chennai,Electronics,2022,868,2929.1,1078.7,14875.1,8136.3,54.5,20735.2,58.4,388.9,27.2,27.5,10.3,19.5,3
FAC002,Chennai Electronics Plant 2,India,Chennai,Electronics,2023,865,2922.6,1231.2,9791.3,6939.3,42.5,8619.4,57.8,701.2,76.3,30.9,14.8,34.3,4
FAC002,Chennai Electronics Plant 2,India,Chennai,Electronics,2024,859,1896.9,1224.5,11139.1,8956.9,32.3,19656.6,44.6,218.5,56.8,47.9,13.5,69.7,2
FAC002,Chennai Electronics Plant 2,India,Chennai,Electronics,2025,860,4278.1,1958.5,24456.8,10156.9,41.6,11984.5,41.7,313.9,40.2,39.7,16,77.7,1
FAC003,Pune Automotive Plant 3,India,Pune,Automotive,2022,1426,6257,3753.5,39507.1,16017.8,18.6,25241.6,18,797.5,26.3,45.9,20.1,47.4,0
FAC003,Pune Automotive Plant 3,India,Pune,Automotive,2023,1397,2532.3,2050.3,18514,11526.7,45.5,37110,47.6,457,70.9,46.4,8.1,41.7,1
FAC003,Pune Automotive Plant 3,India,Pune,Automotive,2024,1445,7440.4,2352.1,29352.8,19976,63.5,29621.6,42.4,1781,60.7,25.4,6,26.9,0
FAC003,Pune Automotive Plant 3,India,Pune,Automotive,2025,1521,4399,1679.6,25916.4,12295.4,39.5,36839.8,32.8,697.3,74.8,24.4,6.6,76.1,0
FAC004,Bengaluru Industrial Plant 4,India,Bengaluru,Industrial Equipment,2022,1195,3440.8,3259.8,20496.8,15344.7,20.2,19654.3,55.9,1156.6,90.9,21,12.4,25.3,3
FAC004,Bengaluru Industrial Plant 4,India,Bengaluru,Industrial Equipment,2023,1189,2194.4,1130.9,10496.5,9335.9,44.1,29148.1,25.6,1338.1,83.1,20.9,15.9,42.3,0
FAC004,Bengaluru Industrial Plant 4,India,Bengaluru,Industrial Equipment,2024,1193,3978.2,1464.9,13794.8,16467.7,67.9,18062.7,28.6,743.7,91.2,26,17.5,46.5,0
FAC004,Bengaluru Industrial Plant 4,India,Bengaluru,Industrial Equipment,2025,1276,3682.3,1337.1,10772.7,14879.6,59.8,27775.5,32.4,697.9,42.6,32.3,19.2,57.9,0
FAC005,Pune Automotive Plant 5,India,Pune,Automotive,2022,909,2615.9,1216.5,16194.6,10107.9,41,10976.2,48.9,822.4,53.1,35.5,14.4,52.1,0
FAC005,Pune Automotive Plant 5,India,Pune,Automotive,2023,959,2905,1178.7,11395.3,7895.8,37.8,21181.4,25.5,686.8,91.9,47.9,6.7,27.6,0
FAC005,Pune Automotive Plant 5,India,Pune,Automotive,2024,982,3857.5,856.8,19254.9,13193.2,69.3,20749.7,52.9,1311,72.3,18.2,18.1,39.5,0
FAC005,Pune Automotive Plant 5,India,Pune,Automotive,2025,974,3170.7,354.1,9532.4,8222.7,79.6,11074.8,43.7,958.8,84.4,33.2,8.5,74.9,0
FAC006,Bengaluru Industrial Plant 6,India,Bengaluru,Industrial Equipment,2022,1278,2905.9,1030,15165.3,8088.1,45.2,23161.5,40.2,244.5,30,44.5,20.5,34.6,2
FAC006,Bengaluru Industrial Plant 6,India,Bengaluru,Industrial Equipment,2023,1373,3113.7,2271.4,23332.1,14794.7,39.3,36315.1,23.9,821.9,72.3,38,11.2,43.2,3
FAC006,Bengaluru Industrial Plant 6,India,Bengaluru,Industrial Equipment,2024,1404,4501.7,1051.9,22212.8,17368.6,71.5,15030.7,44.1,547.4,87.7,41.5,11.6,56.1,1
FAC006,Bengaluru Industrial Plant 6,India,Bengaluru,Industrial Equipment,2025,1382,2654.7,1052.7,15372.7,11693.3,74.6,16037,62.7,993,55.9,41.9,8.1,35.1,0
FAC007,Ahmedabad Chemicals Plant 7,India,Ahmedabad,Chemicals,2022,1289,6564.5,3598.6,45255,18215.9,24,22966.2,66.8,406,90,23.4,21.4,21.9,0
FAC007,Ahmedabad Chemicals Plant 7,India,Ahmedabad,Chemicals,2023,1362,3831.1,2083.2,13538.5,12394.3,55.4,34063.9,31.1,315.9,57,33.6,18.4,48.9,3
FAC007,Ahmedabad Chemicals Plant 7,India,Ahmedabad,Chemicals,2024,1358,4598.4,2123.3,18718.5,12561.8,31.3,32579.4,57.7,721.6,52.6,30.3,11.4,39.3,0
FAC007,Ahmedabad Chemicals Plant 7,India,Ahmedabad,Chemicals,2025,1413,6390.8,1610.3,27385.9,16512.2,54.6,21534.5,63.3,756.7,50.9,41.6,14.2,48.5,0
FAC008,Chennai Electronics Plant 8,India,Chennai,Electronics,2022,2293,11208,4249.7,41882.1,29188.2,53.3,46649.5,50.2,663.3,88.8,25,11,46.3,0
FAC008,Chennai Electronics Plant 8,India,Chennai,Electronics,2023,2283,7799.4,2156.1,30225.9,18910.6,41.4,44905.1,31.3,2271,60.7,25.3,16,18.2,2
FAC008,Chennai Electronics Plant 8,India,Chennai,Electronics,2024,2336,11808.6,5798.9,55663.9,29445.8,38.3,42600.8,66.4,752.2,42.6,31.9,13.5,51.2,0
FAC008,Chennai Electronics Plant 8,India,Chennai,Electronics,2025,2425,8908.9,2722.4,39193.8,27311.5,71.2,60539.4,59.7,1783.3,53.5,25.4,14.7,68.5,0
FAC009,Chennai Electronics Plant 9,India,Chennai,Electronics,2022,1320,2450.1,1688.7,13866.6,9144.5,24.3,13120.5,30,1309.3,72.3,19.9,12.5,34.4,0
FAC009,Chennai Electronics Plant 9,India,Chennai,Electronics,2023,1316,6738,3961.9,21922.3,17169.1,37.5,32422.3,49.6,971.3,88.4,27,11.7,58.1,2
FAC009,Chennai Electronics Plant 9,India,Chennai,Electronics,2024,1384,5998.6,1774.2,19809.4,17099.1,53.7,21908.1,27.3,793.4,73.7,30.1,7.6,47,0
FAC009,Chennai Electronics Plant 9,India,Chennai,Electronics,2025,1421,5254.4,925.2,13656.1,15100.1,80.4,22290.6,64.7,557.9,53.5,27.8,11.8,49.2,2
FAC010,Ahmedabad Chemicals Plant 10,India,Ahmedabad,Chemicals,2022,1898,9601.3,3200.9,56071.1,24793.2,32.2,22092,21.6,2467.4,27.7,18.9,10,47.8,1
FAC010,Ahmedabad Chemicals Plant 10,India,Ahmedabad,Chemicals,2023,1934,4829,1580,24025.2,14161.5,50.1,43291.8,30.1,1722.2,76.4,21.4,18.6,61.4,0
FAC010,Ahmedabad Chemicals Plant 10,India,Ahmedabad,Chemicals,2024,1945,11481.2,3079.2,63391.3,26887.7,55.1,21641.9,52.1,2240.2,48.8,38.9,9.8,56.8,1
FAC010,Ahmedabad Chemicals Plant 10,India,Ahmedabad,Chemicals,2025,2052,7964.8,3097.6,36117.7,25935.9,53,28638.5,64,2343.6,45.5,46.8,14.7,71.3,1
FAC011,Bengaluru Industrial Plant 11,India,Bengaluru,Industrial Equipment,2022,927,5262.7,2876.5,26116.6,13089.6,23.6,14669.2,56,458,82.1,42.9,7.4,49.7,0
FAC011,Bengaluru Industrial Plant 11,India,Bengaluru,Industrial Equipment,2023,938,2908.9,1424.8,12188.7,10239,50.1,15808.6,39,452.4,47.3,35.9,19.6,43,1
FAC011,Bengaluru Industrial Plant 11,India,Bengaluru,Industrial Equipment,2024,921,2074.9,816,10773,6441,61.8,18409.8,47.6,1020.2,40.3,24.6,16.1,39.8,0
FAC011,Bengaluru Industrial Plant 11,India,Bengaluru,Industrial Equipment,2025,975,4722.3,1439.5,17743.1,10513.6,52.8,15779.6,42.3,438.5,77.5,27.5,16.4,76.8,0
FAC012,Chennai Electronics Plant 12,India,Chennai,Electronics,2022,1087,3620.7,1739.5,23859.7,9282.6,37.4,25746.7,33.4,654.6,45.3,39.2,8,12,0
FAC012,Chennai Electronics Plant 12,India,Chennai,Electronics,2023,1084,5402.8,2677.1,33788.5,12952.8,25.7,20126.1,44.5,753.8,41.4,19.5,20.6,39.5,2
FAC012,Chennai Electronics Plant 12,India,Chennai,Electronics,2024,1119,4276.1,1086.8,21601,11506.8,55.1,29085.8,29.7,526.4,66.8,30.5,14.5,53.8,1
FAC012,Chennai Electronics Plant 12,India,Chennai,Electronics,2025,1137,4695,1808.8,17972.9,11312.2,57.7,22167.3,54.4,1189.2,89.3,24.2,7.9,63.7,0
FAC013,Chennai Electronics Plant 13,India,Chennai,Electronics,2022,2409,6788.2,3516.5,21450.3,18231.1,29.6,31086.9,32.7,2856.4,29.8,25,10.2,45.6,1
FAC013,Chennai Electronics Plant 13,India,Chennai,Electronics,2023,2473,8720.6,4836.9,55132.6,24096,44.5,21302.2,30,1335.2,76.4,35.1,10.1,23.6,1
FAC013,Chennai Electronics Plant 13,India,Chennai,Electronics,2024,2548,11485.1,3376.9,31205,35508.1,51.5,40141.6,40.2,1205,40.2,46.9,18.4,51.9,3
FAC013,Chennai Electronics Plant 13,India,Chennai,Electronics,2025,2580,6898.6,2136.1,28057.9,28296.4,73.4,32785.4,69.9,1780.2,82.3,47.1,12,52.4,0
FAC014,Pune Automotive Plant 14,India,Pune,Automotive,2022,840,2959.1,1403.9,17021.2,8092.8,33.3,6658.3,22.6,399.3,32.8,41.2,19.8,47.1,0
FAC014,Pune Automotive Plant 14,India,Pune,Automotive,2023,883,2922.7,2095.4,16289.9,8867.1,22.4,14086,24.5,434.8,38.1,26.6,19.6,39.8,0
FAC014,Pune Automotive Plant 14,India,Pune,Automotive,2024,911,2451.6,1805.2,14390.7,10232.2,39.2,8240.5,69.7,1137,61.3,21.5,18.3,48.4,1
FAC014,Pune Automotive Plant 14,India,Pune,Automotive,2025,913,3516.8,1312.5,15173.5,10968.6,56.4,9188.4,37.6,804.6,78.8,22.1,5.6,68.8,2
FAC015,Ahmedabad Chemicals Plant 15,India,Ahmedabad,Chemicals,2022,2253,8010.8,6575.1,65596.5,29168.4,24.2,38064.2,25.7,1825.2,48.1,34.6,14.7,30.5,0
FAC015,Ahmedabad Chemicals Plant 15,India,Ahmedabad,Chemicals,2023,2288,9638.5,7932.1,53185.1,32590.9,30.7,30887.8,44.7,2857.1,53.6,47.7,18.2,47.3,0
FAC015,Ahmedabad Chemicals Plant 15,India,Ahmedabad,Chemicals,2024,2313,4793.2,901.4,23419.6,16937.2,73.4,21220.1,66.1,457.9,43.2,44.1,20.5,29.4,1
FAC015,Ahmedabad Chemicals Plant 15,India,Ahmedabad,Chemicals,2025,2387,7823.4,2276.2,41720,21584.1,69.9,57801.1,45.2,1314,77.4,40.8,18.5,35.6,0
FAC016,Ahmedabad Chemicals Plant 16,India,Ahmedabad,Chemicals,2022,1082,3806.6,3155,21645,10620,16.2,22658.4,65,253,78.3,26.8,12,16.6,1
FAC016,Ahmedabad Chemicals Plant 16,India,Ahmedabad,Chemicals,2023,1165,3357.5,2989.7,18764.6,13773.3,28.1,24145.9,45.9,1004.6,44.4,37.1,12.9,48,3
FAC016,Ahmedabad Chemicals Plant 16,India,Ahmedabad,Chemicals,2024,1174,3823.8,1722.4,15883.8,15966.2,59.8,22111,54.1,794.1,49.3,43.4,8.2,43.3,0
FAC016,Ahmedabad Chemicals Plant 16,India,Ahmedabad,Chemicals,2025,1167,3001.9,1626.2,9510,10957,53.6,27581.7,45.8,221.1,85,41.3,20.1,75,1
FAC017,Ahmedabad Chemicals Plant 17,India,Ahmedabad,Chemicals,2022,1159,3671,2682.5,24708.4,14830.2,21.4,25956.9,53.4,394.1,31.5,36.8,6.6,45.5,0
FAC017,Ahmedabad Chemicals Plant 17,India,Ahmedabad,Chemicals,2023,1150,3851.2,3518,17974.2,14066.9,24.1,11289.3,47.9,1514.1,62.9,45.4,18.8,29.6,2
FAC017,Ahmedabad Chemicals Plant 17,India,Ahmedabad,Chemicals,2024,1187,7007,3322.8,32754,16779.2,41.9,10316.1,59.2,527,73.6,38.2,11.4,64.1,0
FAC017,Ahmedabad Chemicals Plant 17,India,Ahmedabad,Chemicals,2025,1160,4924.3,2527.7,27438.8,14737.2,36.7,23794.3,53.4,1325,88.9,21.3,8.2,35.1,2
FAC018,Ahmedabad Chemicals Plant 18,India,Ahmedabad,Chemicals,2022,1054,4527.6,2542,16201.3,12064.9,32,8535.2,19.9,1417.9,32.8,25,14.6,27.5,0
FAC018,Ahmedabad Chemicals Plant 18,India,Ahmedabad,Chemicals,2023,1136,2628.1,1349.7,8940.3,11013.4,53.4,19186,41.6,1469.2,32,29.1,12.6,60.8,3
FAC018,Ahmedabad Chemicals Plant 18,India,Ahmedabad,Chemicals,2024,1101,6672.5,2650.7,20057.7,15684.3,45.3,13941.4,68.6,1420.7,82,20.8,8.4,54.8,3
FAC018,Ahmedabad Chemicals Plant 18,India,Ahmedabad,Chemicals,2025,1117,3276.8,2160.3,11806.8,14155.8,47.9,24965.1,38.3,483.3,85.2,27.9,6.9,74.5,0
FAC019,Chennai Electronics Plant 19,India,Chennai,Electronics,2022,741,2254.7,920.1,6467.5,6172.8,19.5,16925.7,30.4,414.1,36.7,19.6,17.9,33.7,2
FAC019,Chennai Electronics Plant 19,India,Chennai,Electronics,2023,746,2581.2,1276.1,9851.1,7408.5,36.3,14456.8,56.9,927.5,70.9,27,15.8,19.4,4
FAC019,Chennai Electronics Plant 19,India,Chennai,Electronics,2024,751,2769.4,1316.7,17358.4,7324.4,33.1,10196.9,32.5,246.1,70.6,35.6,16.4,43.1,0
FAC019,Chennai Electronics Plant 19,India,Chennai,Electronics,2025,751,1684,823.2,10359.7,7491.3,65.7,15086.2,60.8,768.6,51.2,31.5,8.2,49.3,0
FAC020,Bengaluru Industrial Plant 20,India,Bengaluru,Industrial Equipment,2022,569,1629.8,694.2,10010.5,5551.6,40.6,4853.1,61.3,164.5,31.5,40.2,19,35,1
FAC020,Bengaluru Industrial Plant 20,India,Bengaluru,Industrial Equipment,2023,611,2006.6,1171,13831.5,6629.1,50.2,9515.8,66,146.8,47.8,27.4,7.2,40.8,0
FAC020,Bengaluru Industrial Plant 20,India,Bengaluru,Industrial Equipment,2024,612,2043.2,842.4,11272.6,4967.2,33.1,11363.1,61.5,715.3,90.5,42.6,14.8,54.9,0
FAC020,Bengaluru Industrial Plant 20,India,Bengaluru,Industrial Equipment,2025,597,1523.8,719.1,6454.1,3901.1,49.4,6442.7,35.7,566.6,43.6,40.2,20,38.1,0
FAC021,Bengaluru Industrial Plant 21,India,Bengaluru,Industrial Equipment,2022,1917,6607.7,4200.2,36952,17370.4,27.9,17027.1,20.7,698.1,66.4,38.2,10.4,39.8,1
FAC021,Bengaluru Industrial Plant 21,India,Bengaluru,Industrial Equipment,2023,1952,6183.2,3299.4,21594,18846.3,29.7,40267.3,50.5,1554.8,49.1,24.6,21.3,20.5,0
FAC021,Bengaluru Industrial Plant 21,India,Bengaluru,Industrial Equipment,2024,1961,6684.6,1807.4,27543.5,24543,63.9,30840.6,31.7,1574.9,48.1,34.8,15.7,41.9,0
FAC021,Bengaluru Industrial Plant 21,India,Bengaluru,Industrial Equipment,2025,1977,4266.5,1957.4,19127.4,19440.6,58.5,30065.4,55.6,1025.5,61.1,47,7.2,76.6,0
FAC022,Ahmedabad Chemicals Plant 22,India,Ahmedabad,Chemicals,2022,555,2532.2,1609.6,12381.6,7292.9,22.5,7405.6,35.7,316.2,36.3,33.3,7.8,32.9,3
FAC022,Ahmedabad Chemicals Plant 22,India,Ahmedabad,Chemicals,2023,554,1830.5,391.7,5015.5,5065.7,63.1,6796.6,30.3,198.8,77.1,20.3,20.7,46.3,1
FAC022,Ahmedabad Chemicals Plant 22,India,Ahmedabad,Chemicals,2024,593,3183.6,1101.1,15374.6,7385.8,49.1,11602.4,64,541.9,43.6,20,12.1,39.6,0
FAC022,Ahmedabad Chemicals Plant 22,India,Ahmedabad,Chemicals,2025,539,1555.8,558.6,6177.9,4932.2,39.6,6944.5,55.8,713.4,44.7,35.8,10.7,60.1,3
FAC023,Pune Automotive Plant 23,India,Pune,Automotive,2022,2055,7588.9,3711,24347.7,23796.7,25.8,19007.4,64.8,1195.6,72.9,33.1,8.8,21.1,0
FAC023,Pune Automotive Plant 23,India,Pune,Automotive,2023,2078,6375.9,4190.7,31367.4,21912.4,47.4,46826.5,54.6,501.4,69.1,28,10.8,43.1,0
FAC023,Pune Automotive Plant 23,India,Pune,Automotive,2024,2094,10864.2,3712.3,41301.1,25467.7,58.9,39237.9,32.2,1234,90.2,39,11.3,52.8,2
FAC023,Pune Automotive Plant 23,India,Pune,Automotive,2025,2142,6542.9,1549.4,30403.4,23192,67.5,55590.8,69.9,2672.3,44.9,38.1,12.6,34.8,0
FAC024,Chennai Electronics Plant 24,India,Chennai,Electronics,2022,1601,3002.4,1353.5,17294.2,12576.2,55,27620.9,46.1,1671.8,60.3,37.9,20,37.8,1
FAC024,Chennai Electronics Plant 24,India,Chennai,Electronics,2023,1589,4752.2,1761.7,15723.6,12099,57.4,25211,41.7,1543.5,44.7,31.3,10.1,51.7,0
FAC024,Chennai Electronics Plant 24,India,Chennai,Electronics,2024,1670,5448.7,1320.2,16821,13756.2,73.4,34452.9,51.1,1161.5,78.9,41.3,13,44.8,0
FAC024,Chennai Electronics Plant 24,India,Chennai,Electronics,2025,1658,5566.6,3738.9,38946.2,21206.2,42.8,30142.3,34.1,1939.4,84.3,26.6,16.7,46.3,2
FAC025,Chennai Electronics Plant 25,India,Chennai,Electronics,2022,1942,8483.2,5320.9,28528.6,27121.9,21.5,16030.2,44.1,885.3,91.6,29.2,6.5,51.9,2
FAC025,Chennai Electronics Plant 25,India,Chennai,Electronics,2023,2012,6948.7,6529.1,50409.4,25572.9,26.2,20015.6,55.9,1418.2,30.3,20.4,9.6,55.6,1
FAC025,Chennai Electronics Plant 25,India,Chennai,Electronics,2024,2086,6000.7,3539.9,20220.1,22059.3,33.2,32359.2,60.9,1491.1,41.3,45.2,14.5,26.7,0
FAC025,Chennai Electronics Plant 25,India,Chennai,Electronics,2025,2079,5049.4,3137.9,28055.1,25197.9,50.3,22679.4,56.7,1647.6,58.8,46.6,13.2,69.4,0
FAC026,Jurong Electronics Plant 26,Singapore,Jurong,Electronics,2022,1799,2340.4,1876.9,12199.5,7978.7,28.6,10239.5,30.5,1137.9,31.9,35.5,18.1,16,0
FAC026,Jurong Electronics Plant 26,Singapore,Jurong,Electronics,2023,1817,6163.9,3072.4,34529.7,15613.4,27.9,23873.4,61,307.5,78.1,31.7,10.2,20,0
FAC026,Jurong Electronics Plant 26,Singapore,Jurong,Electronics,2024,1815,3210.1,2110.3,16937.5,10716.2,42.6,9589.4,54.5,622.8,84.1,19.4,15.5,38.3,1
FAC026,Jurong Electronics Plant 26,Singapore,Jurong,Electronics,2025,1900,7247.2,1214.9,37523.6,17106.1,72.4,21564.8,49.9,1597.8,67,42,16.1,37.6,0
FAC027,Jurong Electronics Plant 27,Singapore,Jurong,Electronics,2022,2411,5225.8,2920.9,28566.8,14308.2,15.4,25134,53.9,950.4,27.8,44.1,11.6,54.9,0
FAC027,Jurong Electronics Plant 27,Singapore,Jurong,Electronics,2023,2429,3253.2,1952.3,19252.7,11186.1,48.7,42208.3,28.9,1442.6,78.4,19,6.6,53,0
FAC027,Jurong Electronics Plant 27,Singapore,Jurong,Electronics,2024,2519,5600.3,4472,29485.8,23495,29.5,26852.5,29.4,572.8,55.9,27.4,9.5,69.2,0
FAC027,Jurong Electronics Plant 27,Singapore,Jurong,Electronics,2025,2541,5964.1,1831.9,20665,17519.8,55,27165.3,69.9,870.9,87.7,32.7,6.5,72.4,0
FAC028,Woodlands Medical Plant 28,Singapore,Woodlands,Medical Devices,2022,1974,7561.9,2463.3,37833.6,16930.5,53.6,23806.4,33.1,698.7,35.6,39.3,17.2,17.8,0
FAC028,Woodlands Medical Plant 28,Singapore,Woodlands,Medical Devices,2023,2031,2314.6,2367,9670.8,9861.2,29,24601.7,39.7,1516.9,64.2,36.4,6.9,31.9,4
FAC028,Woodlands Medical Plant 28,Singapore,Woodlands,Medical Devices,2024,2104,6010.2,1032.5,31205.8,14809.5,64.2,27938.7,45.8,1368.6,54.6,44.3,17.5,54.8,0
FAC028,Woodlands Medical Plant 28,Singapore,Woodlands,Medical Devices,2025,2099,2933.9,545.2,8289.1,13719.4,80.6,14637.3,42.9,1413.2,58,46.2,18.8,72.1,0
FAC029,Woodlands Medical Plant 29,Singapore,Woodlands,Medical Devices,2022,2431,3951.6,2493.8,15608.1,11853.4,25,41884.2,26,1540.8,73.3,36.2,19.5,35.4,2
FAC029,Woodlands Medical Plant 29,Singapore,Woodlands,Medical Devices,2023,2447,4458.1,986.2,13757.9,11350.7,62.7,30225.9,51.7,351.4,85.1,34.4,15.8,31.6,0
FAC029,Woodlands Medical Plant 29,Singapore,Woodlands,Medical Devices,2024,2544,3175.4,2714.8,18911.2,14770.8,31.4,19062.5,52.7,925.5,75.9,40,18.8,69.9,0
FAC029,Woodlands Medical Plant 29,Singapore,Woodlands,Medical Devices,2025,2589,4707,2173.3,21494,18073.5,41.2,17241.7,32,2219.8,84.9,30.5,19.9,74.6,1
FAC030,Woodlands Medical Plant 30,Singapore,Woodlands,Medical Devices,2022,1444,3949.2,2238.6,17148.6,12015.3,33.4,7373,67.2,742.6,89.8,24.5,11.6,12.3,1
FAC030,Woodlands Medical Plant 30,Singapore,Woodlands,Medical Devices,2023,1509,1966.1,1426.5,9028.3,8666.2,20.4,14529.1,41.4,234.3,33.2,34.9,11.3,31,0
FAC030,Woodlands Medical Plant 30,Singapore,Woodlands,Medical Devices,2024,1535,5717.5,2379.8,18599.7,12783.1,41.1,27125.1,43.3,1135.9,54.3,46.2,17.1,35,0
FAC030,Woodlands Medical Plant 30,Singapore,Woodlands,Medical Devices,2025,1571,2626,1468.7,13505.7,6939.7,37.9,10629.4,65.7,359.8,88.4,27.6,10.8,61.7,1
FAC031,Woodlands Medical Plant 31,Singapore,Woodlands,Medical Devices,2022,1581,5171.8,2141.9,29542.8,13711.6,34.9,15276.1,53,1398.1,64.1,41.9,17.6,41,0
FAC031,Woodlands Medical Plant 31,Singapore,Woodlands,Medical Devices,2023,1608,4013.4,1352.8,13785,9059.3,49.5,8808.4,45.1,850.5,74.7,41.2,11.6,55,0
FAC031,Woodlands Medical Plant 31,Singapore,Woodlands,Medical Devices,2024,1652,3152.3,2496.6,13436.4,15397.1,33.2,22986.9,44.1,1196.8,87.5,44.2,16.8,28.8,0
FAC031,Woodlands Medical Plant 31,Singapore,Woodlands,Medical Devices,2025,1636,3779.6,456,18601.5,11826.3,84.9,17779.3,51.3,893.4,75.1,44,15.4,70.2,0
FAC032,Tuas Chemicals Plant 32,Singapore,Tuas,Chemicals,2022,958,2380.2,1547.7,15428.5,5467,24.8,13512.3,53.9,480.4,57.1,34.8,21,42.5,0
FAC032,Tuas Chemicals Plant 32,Singapore,Tuas,Chemicals,2023,1019,3561.7,1730,23212.2,8003,37.1,15713.9,35.9,350.9,74.3,28.4,12.6,29.5,1
FAC032,Tuas Chemicals Plant 32,Singapore,Tuas,Chemicals,2024,990,2923,1192.8,9355.5,8584.2,40.7,14434,36.5,158,86.6,24.8,8.7,30.5,0
FAC032,Tuas Chemicals Plant 32,Singapore,Tuas,Chemicals,2025,1045,997.7,376.7,5941.2,4956.4,73.8,10628.9,67.4,841.4,64.8,24,19.9,48.5,0
FAC033,Jurong Electronics Plant 33,Singapore,Jurong,Electronics,2022,1159,1986.7,1777.1,11459.7,9490.9,48.6,18377.5,66.6,171.9,81,41.6,9,43.7,3
FAC033,Jurong Electronics Plant 33,Singapore,Jurong,Electronics,2023,1150,3513.8,1647.7,23007.3,10274.6,20.4,9839.6,69.5,625.3,60.6,46.2,19.1,39.1,0
FAC033,Jurong Electronics Plant 33,Singapore,Jurong,Electronics,2024,1150,2492.3,837.8,6777.5,6883.5,62.4,10637.4,39,742.9,46,36.3,15.2,44.2,0
FAC033,Jurong Electronics Plant 33,Singapore,Jurong,Electronics,2025,1199,1378.1,363.5,4892.2,5597.4,68.8,9681,40.4,364.1,79.2,46.6,9.3,66.5,0
FAC034,Woodlands Medical Plant 34,Singapore,Woodlands,Medical Devices,2022,1642,2060.7,1611.9,11959.1,7447.2,17.1,27282.8,54.6,595.3,32.9,45.5,10.7,37.7,0
FAC034,Woodlands Medical Plant 34,Singapore,Woodlands,Medical Devices,2023,1662,5040.9,1708.4,25342.6,11272,40.5,28002.9,58.4,1239.1,81.2,40.9,16.4,44.8,2
FAC034,Woodlands Medical Plant 34,Singapore,Woodlands,Medical Devices,2024,1745,2533,1314.4,8288.8,11538.7,61.1,20990.6,48.2,988.9,43.5,27.8,13.3,31.2,0
FAC034,Woodlands Medical Plant 34,Singapore,Woodlands,Medical Devices,2025,1785,3801.5,466.7,9944.3,12208.8,80,18356.2,52.6,992.2,75,27.2,4.8,45.5,0
FAC035,Jurong Electronics Plant 35,Singapore,Jurong,Electronics,2022,444,965.9,320.3,5447.8,2880.7,42.1,7910.8,42.5,152.7,37.1,22.1,16.3,42.8,4
FAC035,Jurong Electronics Plant 35,Singapore,Jurong,Electronics,2023,495,1975.5,1074,8962.8,4732.9,37.2,6837,53.8,267.6,70.5,28.4,8.4,42.2,1
FAC035,Jurong Electronics Plant 35,Singapore,Jurong,Electronics,2024,486,1881.7,421.1,8745.4,4232.1,63.5,5053.7,42.7,145.4,61.3,22.7,8,65.4,1
FAC035,Jurong Electronics Plant 35,Singapore,Jurong,Electronics,2025,471,1580.5,626.5,4500.3,4037,56.5,3542.1,34,68.9,71.1,39.1,5.3,67.3,0
FAC036,Jurong Electronics Plant 36,Singapore,Jurong,Electronics,2022,2377,4622.3,4066.4,22463.8,19666.5,45.4,40162.8,48,1355.9,76.8,42.6,9.8,49.4,4
FAC036,Jurong Electronics Plant 36,Singapore,Jurong,Electronics,2023,2463,2859.3,3266,25721.9,13284.5,33.5,41459.2,52,1116.3,60.7,47.2,20.6,48.2,2
FAC036,Jurong Electronics Plant 36,Singapore,Jurong,Electronics,2024,2485,5439.2,2264.1,25766.2,19780.8,47.2,19832.2,35.9,1960.4,43.2,31.9,5.9,44.6,0
FAC036,Jurong Electronics Plant 36,Singapore,Jurong,Electronics,2025,2560,3161.9,2031.6,22361,12605.7,47.9,40914.3,33.7,1754.1,49.9,26.1,15.3,61.1,2
FAC037,Jurong Electronics Plant 37,Singapore,Jurong,Electronics,2022,2456,4722.5,3133.4,16013,16673.1,49.4,42170.8,68,519.5,92,32.4,9.9,37.2,0
FAC037,Jurong Electronics Plant 37,Singapore,Jurong,Electronics,2023,2508,5316.1,2329,22156.6,18010.5,54.9,20697.6,46.6,1273.8,36.1,47.4,13,55.8,3
FAC037,Jurong Electronics Plant 37,Singapore,Jurong,Electronics,2024,2574,6307,3478.5,19967.8,15160.3,30.1,31155,51.7,1754.5,51.8,23.9,8.7,51.6,0
FAC037,Jurong Electronics Plant 37,Singapore,Jurong,Electronics,2025,2647,5412,2143.1,33365.4,20474.2,69.6,35126.7,49.6,665,81.3,23.1,16,56,2
FAC038,Woodlands Medical Plant 38,Singapore,Woodlands,Medical Devices,2022,447,854.7,317,4582.3,1959,48.4,4578.9,61.8,134.3,72.4,18.3,14.1,26.8,1
FAC038,Woodlands Medical Plant 38,Singapore,Woodlands,Medical Devices,2023,466,867.5,612.9,4483.2,4254,49.7,2339.7,56.7,250.7,47.8,33.1,16.7,37.4,3
FAC038,Woodlands Medical Plant 38,Singapore,Woodlands,Medical Devices,2024,418,473.8,294.4,2547.5,1997.2,32.5,6504.4,37.8,179.6,56.3,30.2,14,70.6,0
FAC038,Woodlands Medical Plant 38,Singapore,Woodlands,Medical Devices,2025,415,1250.8,139.6,4099.1,3208,78.1,5019.7,32.2,52.9,48.9,33,11.4,69.3,0
FAC039,Jurong Electronics Plant 39,Singapore,Jurong,Electronics,2022,2308,4684.7,1812.4,17397.5,12557.2,50.8,39233.5,53.6,781.7,61.4,37.7,8.9,48.3,0
FAC039,Jurong Electronics Plant 39,Singapore,Jurong,Electronics,2023,2375,6619.5,2095.2,19105.6,17503.7,53.9,16492.8,33.5,1831.2,54.1,44.9,10.8,52,0
FAC039,Jurong Electronics Plant 39,Singapore,Jurong,Electronics,2024,2406,3545.3,1163.9,19292.1,16611.7,73.8,22365.8,59.8,2080.7,57.6,41.2,5.5,38.3,3
FAC039,Jurong Electronics Plant 39,Singapore,Jurong,Electronics,2025,2505,3998.5,1090.3,17631.1,13607,63.1,24591.5,60.9,877.7,52.8,20.2,8.8,51.1,1
FAC040,Jurong Electronics Plant 40,Singapore,Jurong,Electronics,2022,1775,4754.9,2468.2,28194.4,10912.3,15.9,10915.3,22.5,809.7,62.3,33.4,7.7,14,1
FAC040,Jurong Electronics Plant 40,Singapore,Jurong,Electronics,2023,1846,4063.8,2138,18416.2,13714.7,34.6,10924.7,65.3,1524.9,90.6,35.2,8.2,35.1,0
FAC040,Jurong Electronics Plant 40,Singapore,Jurong,Electronics,2024,1844,2519,1595,11311,10417.5,34.9,27901.9,41.9,1579.4,76.1,32.9,14.9,46.6,0
FAC040,Jurong Electronics Plant 40,Singapore,Jurong,Electronics,2025,1841,6094.3,2790.5,25089.4,17164.8,52.3,16971.3,62.6,1455.2,90.7,22.1,9.6,76.6,0
FAC041,Tuas Chemicals Plant 41,Singapore,Tuas,Chemicals,2022,917,3232.2,1816.5,17366,8648.3,24.5,7336,37.6,694,51.3,21.4,15,36.7,1
FAC041,Tuas Chemicals Plant 41,Singapore,Tuas,Chemicals,2023,955,1808.2,435.6,8962.2,4149.8,52.7,15063.1,25.3,746.1,79.3,38.2,7.7,31.6,0
FAC041,Tuas Chemicals Plant 41,Singapore,Tuas,Chemicals,2024,922,1624.1,981,8331.3,7433.4,65.1,9303.6,48.3,772.5,74.4,34.3,17.7,42.2,2
FAC041,Tuas Chemicals Plant 41,Singapore,Tuas,Chemicals,2025,989,1665.3,323,7280.6,7325.2,80.8,6918.7,54.5,553.2,73.5,37.4,20,48.9,1
FAC042,Jurong Electronics Plant 42,Singapore,Jurong,Electronics,2022,195,359.9,213.3,1970.7,1091.5,34,2083.4,38.3,140.9,64.4,33,11.5,11.1,0
FAC042,Jurong Electronics Plant 42,Singapore,Jurong,Electronics,2023,240,897.6,546.1,4144.6,2201,23.9,2238.8,59.6,126.4,51.6,20.9,17.1,38.4,0
FAC042,Jurong Electronics Plant 42,Singapore,Jurong,Electronics,2024,196,692.9,346.5,3838.3,1680.7,33.4,1366,69.3,60.8,44.9,22.8,14,69.1,0
FAC042,Jurong Electronics Plant 42,Singapore,Jurong,Electronics,2025,247,684,267.1,3655.5,1877.4,45.1,4064.9,48,112.4,40.2,24.4,9,65.7,1
FAC043,Woodlands Medical Plant 43,Singapore,Woodlands,Medical Devices,2022,624,1022,559.2,6572.4,3250.8,26,7341.9,51.2,365.4,66,35.6,11.6,48,1
FAC043,Woodlands Medical Plant 43,Singapore,Woodlands,Medical Devices,2023,605,2039.7,718.1,7160.4,5542.3,46.6,3838,39.9,139.3,54.1,35.9,14.7,37,1
FAC043,Woodlands Medical Plant 43,Singapore,Woodlands,Medical Devices,2024,647,2312.9,623.7,9467.9,5140.1,58.3,4303.8,39.8,305.2,38.1,28.8,5.2,32.1,1
FAC043,Woodlands Medical Plant 43,Singapore,Woodlands,Medical Devices,2025,662,1702.7,479.2,8945.2,4587.2,60.3,7448.1,33.3,95.4,79.6,26.8,8.9,58.2,0
FAC044,Tuas Chemicals Plant 44,Singapore,Tuas,Chemicals,2022,2519,4127.1,5027.3,37150.5,18057.5,16.9,24289.6,60.8,384,73.2,34.4,21.8,14.6,2
FAC044,Tuas Chemicals Plant 44,Singapore,Tuas,Chemicals,2023,2536,4601.5,1287.2,23801.1,14728.1,65,26870.8,69.7,1838.6,44.7,42.3,14.9,33.8,2
FAC044,Tuas Chemicals Plant 44,Singapore,Tuas,Chemicals,2024,2635,6798.8,2528.7,37436.9,17159.4,57,32476.3,49.4,1542.9,44.6,47.4,9.7,51.8,3
FAC044,Tuas Chemicals Plant 44,Singapore,Tuas,Chemicals,2025,2670,5689.8,2907.7,34082.4,25422.8,69.3,45197.1,69.7,2126.1,46.6,44,8.5,66,1
FAC045,Woodlands Medical Plant 45,Singapore,Woodlands,Medical Devices,2022,1810,3209.6,1394.2,10076.8,8991.6,39.2,27672.6,58,785.9,75.2,38.8,20,30.5,1
FAC045,Woodlands Medical Plant 45,Singapore,Woodlands,Medical Devices,2023,1857,2998.1,1153.6,13061.8,7824.2,54.8,25193.4,39.2,314.6,63.1,24.5,12.4,27.5,0
FAC045,Woodlands Medical Plant 45,Singapore,Woodlands,Medical Devices,2024,1855,3816.4,1387,14878.3,11174.3,55.2,25617,28.1,366.7,79.7,31.8,7,64.6,0
FAC045,Woodlands Medical Plant 45,Singapore,Woodlands,Medical Devices,2025,1855,7957.7,2758.4,45065.2,17726.2,57,16295.5,65,1490.9,44.9,28.8,5.8,63.9,0
FAC046,Jurong Electronics Plant 46,Singapore,Jurong,Electronics,2022,1843,2787.3,1941.9,17778.2,10781.1,42.1,8872.8,42.8,411.9,40.2,38.4,6.1,41.3,2
FAC046,Jurong Electronics Plant 46,Singapore,Jurong,Electronics,2023,1853,3788.4,1704.7,22054.2,14727.2,41.5,11418.7,39.6,654.9,53.7,42.4,19.5,46.9,1
FAC046,Jurong Electronics Plant 46,Singapore,Jurong,Electronics,2024,1843,4719.9,2498.6,27474.2,13020.3,28.4,24126.1,32.7,813,74.1,43.8,6.4,30.5,1
FAC046,Jurong Electronics Plant 46,Singapore,Jurong,Electronics,2025,1946,4869.7,2507.9,19325.4,15844.4,53.2,25899.3,39.9,1145.8,77.5,26.5,19.6,35.2,1
FAC047,Tuas Chemicals Plant 47,Singapore,Tuas,Chemicals,2022,1047,2332.5,1934.3,16894.4,7828.8,20.1,15995.9,30.4,440.8,41.2,37.1,7.1,50,0
FAC047,Tuas Chemicals Plant 47,Singapore,Tuas,Chemicals,2023,1047,4018.2,2106,17843,9677.6,25.9,14464.1,58.6,905.1,77.8,18.5,6.6,29.8,0
FAC047,Tuas Chemicals Plant 47,Singapore,Tuas,Chemicals,2024,1028,2603.2,1647.5,16653.3,9583.9,46.7,10682.1,43.7,637,65.6,22.6,6.3,29.6,2
FAC047,Tuas Chemicals Plant 47,Singapore,Tuas,Chemicals,2025,1061,2699.8,1172.8,14338.8,7529.4,55.1,6018.8,57.9,731.4,84,19.7,5.9,53.6,0
FAC048,Woodlands Medical Plant 48,Singapore,Woodlands,Medical Devices,2022,404,768.3,343.3,2604.5,3149.9,40.3,1999.7,43.8,157.7,59.7,42.7,10.1,26.7,2
FAC048,Woodlands Medical Plant 48,Singapore,Woodlands,Medical Devices,2023,407,1411,612.6,6219.2,3320.2,25.3,4768,34.6,358.4,68.9,32.9,13.7,20.5,3
FAC048,Woodlands Medical Plant 48,Singapore,Woodlands,Medical Devices,2024,402,561.3,439.8,3811.1,2486.6,40,3141.6,48.4,62,84.2,25.3,12.5,43.2,0
FAC048,Woodlands Medical Plant 48,Singapore,Woodlands,Medical Devices,2025,393,1087.7,143.1,3451.8,2823.9,80.8,4045.8,58.8,130.3,44.1,29.2,12.5,74.6,0
FAC049,Woodlands Medical Plant 49,Singapore,Woodlands,Medical Devices,2022,379,468.9,411.2,2480.3,1732.9,32,4586.2,18.4,104.8,62.8,27.1,16,30.9,1
FAC049,Woodlands Medical Plant 49,Singapore,Woodlands,Medical Devices,2023,398,1462,497.9,7819.9,3816,54.9,2701.4,66.8,55.2,63.6,37.1,16.6,18.4,0
FAC049,Woodlands Medical Plant 49,Singapore,Woodlands,Medical Devices,2024,390,774.2,370.3,2970.5,3426,62.2,4405,28.6,350.1,75.6,20.8,19.7,66.4,0
FAC049,Woodlands Medical Plant 49,Singapore,Woodlands,Medical Devices,2025,397,914.8,204.1,4020.3,2650.2,72.6,3972.2,53.7,66.9,74.4,21.9,9.2,72.3,2
FAC050,Tuas Chemicals Plant 50,Singapore,Tuas,Chemicals,2022,1516,4391,1628.2,23627.6,10073.7,22,9457.5,23.5,713.5,46,21.6,11.7,44.7,1
FAC050,Tuas Chemicals Plant 50,Singapore,Tuas,Chemicals,2023,1565,2109.8,2085.4,17057.5,8812.6,25.4,21908.1,23.9,1208.2,50.3,20.7,9.5,34,1
FAC050,Tuas Chemicals Plant 50,Singapore,Tuas,Chemicals,2024,1574,1833,584.6,7568.3,8822.1,74.6,23097.9,37,756.1,80.8,22.2,5.2,63.4,3
FAC050,Tuas Chemicals Plant 50,Singapore,Tuas,Chemicals,2025,1582,3097.8,1360.4,9853.1,8337,55.6,19833.2,66.7,282.4,91.9,23.9,14.8,70.4,0
FAC051,Phoenix Electronics Plant 51,USA,Phoenix,Electronics,2022,646,5172.6,2745.3,30175.7,12000.5,14.2,14662.7,37.9,585,48.7,45.2,10.4,30.1,0
FAC051,Phoenix Electronics Plant 51,USA,Phoenix,Electronics,2023,732,3023.5,1996.6,16951.5,11043.8,31.1,8205.6,35.4,332.4,42.4,44.5,13.9,46.4,2
FAC051,Phoenix Electronics Plant 51,USA,Phoenix,Electronics,2024,670,3705.5,1300.4,16077.4,12787.3,64.8,22575.4,48.1,566.7,45.2,27.6,8.5,66.3,1
FAC051,Phoenix Electronics Plant 51,USA,Phoenix,Electronics,2025,688,3410.9,1430.9,12501.1,11787.8,59.1,9504.1,39.9,423.9,67.8,41.7,16.3,68.4,2
FAC052,Cleveland Industrial Plant 52,USA,Cleveland,Industrial Equipment,2022,1615,6680.8,3322.6,42864.1,16637.5,37.5,16706.6,54.4,2774.9,62.8,34.9,9,54.5,3
FAC052,Cleveland Industrial Plant 52,USA,Cleveland,Industrial Equipment,2023,1688,5040.8,3317.7,29289.5,24062.3,27.9,17092.9,44.9,1278.7,68.1,42.2,11,26,2
FAC052,Cleveland Industrial Plant 52,USA,Cleveland,Industrial Equipment,2024,1699,5779.7,2083.8,17907.6,15364.4,34.9,39916.6,42.1,600,75.2,37.9,14.4,41.1,0
FAC052,Cleveland Industrial Plant 52,USA,Cleveland,Industrial Equipment,2025,1710,10035,3296.2,37236.8,27889.1,57.4,48341.1,52.5,2783.5,71.9,28.7,15.1,70.7,0
FAC053,Phoenix Electronics Plant 53,USA,Phoenix,Electronics,2022,683,4858.5,1355,27871.9,11113.3,52.8,23960.2,19.7,805.8,86.7,47,9.5,35.4,3
FAC053,Phoenix Electronics Plant 53,USA,Phoenix,Electronics,2023,693,2379.6,1548.6,14104.1,8299.8,23.5,24272.5,61.4,890.7,75.2,28.1,5.7,27.4,1
FAC053,Phoenix Electronics Plant 53,USA,Phoenix,Electronics,2024,733,1640.4,1409,11683.7,8189,33.1,25790.1,64.9,739.7,56.6,34.4,6.6,47.6,2
FAC053,Phoenix Electronics Plant 53,USA,Phoenix,Electronics,2025,731,3054.7,1071.7,11540.7,7424.5,39.6,25383.2,33,369.4,59.5,40,13.3,74.4,0
FAC054,Cleveland Industrial Plant 54,USA,Cleveland,Industrial Equipment,2022,321,2519.3,1020,7974.6,5963.7,19.1,4823.5,27.9,426.2,73.4,39.9,10.2,22.7,0
FAC054,Cleveland Industrial Plant 54,USA,Cleveland,Industrial Equipment,2023,278,1134.4,371.1,3025.4,3514.8,44.7,3311.9,61.5,337.8,59.8,20.9,8.8,46.7,4
FAC054,Cleveland Industrial Plant 54,USA,Cleveland,Industrial Equipment,2024,338,1772,945.6,9926.3,5919.3,42.5,4058,49.9,178.6,85.5,29.1,12.1,37.8,0
FAC054,Cleveland Industrial Plant 54,USA,Cleveland,Industrial Equipment,2025,312,1293.9,632.4,4318.3,5441.4,63.6,8498.5,62.3,276.4,79.3,24.8,5.5,51.4,0
FAC055,Cleveland Industrial Plant 55,USA,Cleveland,Industrial Equipment,2022,1165,5601.1,1798,25364.5,13546.2,29,27079.2,47.7,2065.7,34.9,46.5,13.2,52.7,0
FAC055,Cleveland Industrial Plant 55,USA,Cleveland,Industrial Equipment,2023,1154,6046.4,5547.3,35806.9,19769.6,25.7,41460.8,52.1,1778.6,46,45.3,20.1,21,0
FAC055,Cleveland Industrial Plant 55,USA,Cleveland,Industrial Equipment,2024,1200,5686.1,1985.6,15580.5,17234.6,68.3,33709.1,51.9,1751.3,41.4,22.5,14.1,52.2,3
FAC055,Cleveland Industrial Plant 55,USA,Cleveland,Industrial Equipment,2025,1185,4908.4,1881.6,22672.4,21791.2,63.6,22133.6,46.4,992.5,65.3,36.3,5.1,46.4,0
FAC056,Cleveland Industrial Plant 56,USA,Cleveland,Industrial Equipment,2022,348,1625.5,1520.2,13533.1,6266.6,26.3,11582,19.1,527.3,45.3,26.4,13.9,41.3,0
FAC056,Cleveland Industrial Plant 56,USA,Cleveland,Industrial Equipment,2023,333,1019.5,409.9,3821.6,3280.5,63.8,6860.7,53,177.5,43.1,42.7,17.4,52.2,3
FAC056,Cleveland Industrial Plant 56,USA,Cleveland,Industrial Equipment,2024,318,1233.6,805.9,4770.6,4440.8,35.5,10199.6,64.7,90.7,46,43,18.4,37.2,0
FAC056,Cleveland Industrial Plant 56,USA,Cleveland,Industrial Equipment,2025,364,2365.3,828.7,11461.7,5827.7,49.4,4684.8,31.2,298.9,70.9,23.3,18.4,60.4,0
FAC057,Detroit Automotive Plant 57,USA,Detroit,Automotive,2022,1210,3343.5,2920.1,27636.8,13889.3,28.6,38995.6,51.7,1569.6,43,30.3,6.3,45.1,2
FAC057,Detroit Automotive Plant 57,USA,Detroit,Automotive,2023,1224,4026.3,4165.8,20967.1,16548.8,26,31408.2,67.3,1654.7,74,26.3,19.8,56.3,1
FAC057,Detroit Automotive Plant 57,USA,Detroit,Automotive,2024,1275,6958.7,1787.2,19728.8,17136.4,59.8,29457.6,55.1,1983.3,56.3,37.4,14.7,39.4,0
FAC057,Detroit Automotive Plant 57,USA,Detroit,Automotive,2025,1281,4335.4,1832,22451.2,15412.8,49.5,44499.1,56.1,683.9,66.9,25.2,5.4,72.6,1
FAC058,Cleveland Industrial Plant 58,USA,Cleveland,Industrial Equipment,2022,1466,10665.4,3291.2,42517.6,23734.3,40.2,29100.8,19.8,1971.2,63.3,23.7,17.6,20,1
FAC058,Cleveland Industrial Plant 58,USA,Cleveland,Industrial Equipment,2023,1538,9143.7,4863.6,57452.3,27977,50.2,50353.3,30.7,603.3,37.9,25.8,18.4,52.3,0
FAC058,Cleveland Industrial Plant 58,USA,Cleveland,Industrial Equipment,2024,1550,6133.6,5232.4,34679.7,23975.2,38.4,51169.6,42.4,1787.9,61.4,21.5,5.9,54.5,0
FAC058,Cleveland Industrial Plant 58,USA,Cleveland,Industrial Equipment,2025,1617,4820.4,1069.2,17398.9,14826.5,79.6,28259.6,32.2,2542.9,47.1,24,11,59.6,2
FAC059,Cleveland Industrial Plant 59,USA,Cleveland,Industrial Equipment,2022,766,2987.9,2682.7,25328.3,13568.8,19.8,13691.6,21,724,39,41.2,15.2,17.1,2
FAC059,Cleveland Industrial Plant 59,USA,Cleveland,Industrial Equipment,2023,752,2264.5,1184.8,11015.3,7367.8,39.5,7311.9,47.6,1037.6,88.9,44.8,17.6,41.9,0
FAC059,Cleveland Industrial Plant 59,USA,Cleveland,Industrial Equipment,2024,756,4281.6,1720.9,13939.8,11467.2,39.7,14912.7,51.9,378.4,82,26.9,9.7,58.8,0
FAC059,Cleveland Industrial Plant 59,USA,Cleveland,Industrial Equipment,2025,814,2486.2,1223.7,11966.1,10650,69.7,23934.1,36.6,1347,82.2,18.6,8.1,78.3,0
FAC060,Houston Chemicals Plant 60,USA,Houston,Chemicals,2022,2227,8625,3172.2,42479.4,21669,42.6,66723.1,50.4,2597.8,28.2,21.2,19.4,12.2,0
FAC060,Houston Chemicals Plant 60,USA,Houston,Chemicals,2023,2306,9188.6,3365.3,46926.2,28840.5,44.6,60509.9,36.5,2933.7,71.1,26.1,15.2,24.2,2
FAC060,Houston Chemicals Plant 60,USA,Houston,Chemicals,2024,2308,8699.3,4656.6,43331.2,32139.2,57,59264,60.2,3547.7,90.5,28.7,11.6,33.2,0
FAC060,Houston Chemicals Plant 60,USA,Houston,Chemicals,2025,2366,9688.1,2762.7,27672,37459.9,59.6,29611.4,53,2391.6,89.4,41.4,5.7,66.6,2
FAC061,Detroit Automotive Plant 61,USA,Detroit,Automotive,2022,2047,9289.5,7012.5,67337.4,23034,14.2,39117.5,53.2,1851.6,32.8,43.5,20.2,10.4,0
FAC061,Detroit Automotive Plant 61,USA,Detroit,Automotive,2023,2072,10863.7,2296.8,50439.9,24759.4,60.3,40273.9,38.5,865.2,54.8,31.7,18.9,49,1
FAC061,Detroit Automotive Plant 61,USA,Detroit,Automotive,2024,2145,7543.9,3639.9,24007.3,33049.2,65.5,73962,33,1906.9,68.7,42.1,15.9,34.2,0
FAC061,Detroit Automotive Plant 61,USA,Detroit,Automotive,2025,2178,13723.4,2307.7,67802,32675.8,78.3,48685.5,49.5,3538.5,62.9,19.9,15,34.6,2
FAC062,Detroit Automotive Plant 62,USA,Detroit,Automotive,2022,1591,5002.8,4042.4,23711.5,22352.8,42.1,29795.9,53.2,1337.1,81.2,34.8,21.8,12.5,1
FAC062,Detroit Automotive Plant 62,USA,Detroit,Automotive,2023,1576,7076.4,2741.5,38079.5,21843.6,41.1,28470,37.9,1062.1,61.4,34.5,11.6,54.8,0
FAC062,Detroit Automotive Plant 62,USA,Detroit,Automotive,2024,1643,11604,3842.3,35476.6,28019.1,49.1,37346.5,54.7,657.4,58.5,34.7,5,30.1,0
FAC062,Detroit Automotive Plant 62,USA,Detroit,Automotive,2025,1697,8834.5,1645.3,32912,25939.3,79.6,31561.7,63,2569.1,83.9,28,16.8,61,1
FAC063,Phoenix Electronics Plant 63,USA,Phoenix,Electronics,2022,2007,3804.6,2843,23826,18970.8,40.3,61650.4,46.5,1652.3,32.1,44.9,13.9,47,2
FAC063,Phoenix Electronics Plant 63,USA,Phoenix,Electronics,2023,2085,4918.6,3828.6,26086.3,19922.6,47.5,45173.6,59.5,2831.8,36.7,30.4,20.3,55.7,1
FAC063,Phoenix Electronics Plant 63,USA,Phoenix,Electronics,2024,2131,9268.6,4694.4,28077.4,28427.1,55.7,61875.8,50.3,1950.3,68.4,45.7,17.5,67,0
FAC063,Phoenix Electronics Plant 63,USA,Phoenix,Electronics,2025,2136,10328.6,6025,68795.3,34794,42.3,48932.6,45.4,3776.5,87.6,40.9,8.9,77.4,3
FAC064,Cleveland Industrial Plant 64,USA,Cleveland,Industrial Equipment,2022,703,3499,1254.9,17844.9,9038.9,42.1,22722.8,55,1194.7,67.4,24,16,23.1,0
FAC064,Cleveland Industrial Plant 64,USA,Cleveland,Industrial Equipment,2023,716,5979.6,1936.4,29572.4,13602.9,49.3,12967.4,27.5,565.3,59.8,35.1,16.2,36.8,2
FAC064,Cleveland Industrial Plant 64,USA,Cleveland,Industrial Equipment,2024,783,3616.7,824.2,9162.4,8995.1,67.8,10520.9,55.5,432.1,77.8,22.8,9.6,37.3,1
FAC064,Cleveland Industrial Plant 64,USA,Cleveland,Industrial Equipment,2025,766,2352.7,823.9,11246,8122.1,62.5,21014.4,52.5,451.9,73.7,29.7,12.7,69.9,0
FAC065,Houston Chemicals Plant 65,USA,Houston,Chemicals,2022,1751,8385.9,4559.7,27632.5,22586,45.9,51186.8,28.6,2793.6,82.6,31.3,9.6,38.5,2
FAC065,Houston Chemicals Plant 65,USA,Houston,Chemicals,2023,1783,10356.3,5482,69858.4,29517.9,44.6,30964.1,30.5,2326.7,41.6,23.2,13.7,35,0
FAC065,Houston Chemicals Plant 65,USA,Houston,Chemicals,2024,1842,8530.3,2418,34660.4,20729.5,35.6,63272.4,27.8,3110.5,69,41.2,15,63.9,0
FAC065,Houston Chemicals Plant 65,USA,Houston,Chemicals,2025,1879,10157.3,4640.1,64997.1,26948.1,39.6,43863.4,61.5,918.1,68.2,30.1,10.1,73.8,0
FAC066,Phoenix Electronics Plant 66,USA,Phoenix,Electronics,2022,1654,5919.3,3753.2,39262.8,17795.7,44.4,58720.2,18.5,2123,54.9,45.1,15.8,38,4
FAC066,Phoenix Electronics Plant 66,USA,Phoenix,Electronics,2023,1691,4833.9,2164.4,26663.1,21169.3,55.8,17336.5,46.8,2438.4,61.9,33.3,13.3,31.3,1
FAC066,Phoenix Electronics Plant 66,USA,Phoenix,Electronics,2024,1724,5816.4,2446.5,27638.9,24049.9,72.6,16884,28.9,2216.6,79.1,43.9,11.8,30.7,0
FAC066,Phoenix Electronics Plant 66,USA,Phoenix,Electronics,2025,1771,10535.5,1033.5,36419.9,27243,82,32510.8,33.5,575,81.3,34.7,13.7,44.2,0
FAC067,Cleveland Industrial Plant 67,USA,Cleveland,Industrial Equipment,2022,2067,7848.2,3998.9,23868.9,26391.5,25.6,59148.3,21.3,2901.4,28,43.4,11.7,32.6,0
FAC067,Cleveland Industrial Plant 67,USA,Cleveland,Industrial Equipment,2023,2065,13327.3,5325,75640.8,30873.6,32.7,21504.1,29.5,1203.9,76.3,41.9,19.1,31.3,1
FAC067,Cleveland Industrial Plant 67,USA,Cleveland,Industrial Equipment,2024,2106,13196.9,3127.5,47876.6,33095.2,71,73006.3,50.4,2329,42,18.2,14.5,50.2,2
FAC067,Cleveland Industrial Plant 67,USA,Cleveland,Industrial Equipment,2025,2147,8738.1,1410.7,43275.2,22905.4,72.3,68872.6,35.7,1131.5,72.1,25.6,6.3,64.2,0
FAC068,Houston Chemicals Plant 68,USA,Houston,Chemicals,2022,2447,13830.9,7345,52803,37592,15.1,60998.1,67.5,1950.6,70,25,10.6,13.1,0
FAC068,Houston Chemicals Plant 68,USA,Houston,Chemicals,2023,2498,9160.8,5144.9,48837.9,33140.9,47.7,48018.1,37.2,2268.6,30.3,25.4,9,51.3,0
FAC068,Houston Chemicals Plant 68,USA,Houston,Chemicals,2024,2531,10458.1,2555.1,37697.3,24931.6,62.4,44708.7,50.3,1301.4,69.6,43.3,18.7,32.3,0
FAC068,Houston Chemicals Plant 68,USA,Houston,Chemicals,2025,2566,15993.3,4998.9,86571.2,41883,66.7,67421.5,62.5,2933.2,80,24.4,5.1,45.7,2
FAC069,Cleveland Industrial Plant 69,USA,Cleveland,Industrial Equipment,2022,794,3486.3,1752.8,12231.7,10035.4,50.3,18126.7,22.7,641.3,25.7,25.2,21.4,54.2,1
FAC069,Cleveland Industrial Plant 69,USA,Cleveland,Industrial Equipment,2023,828,2804.6,1752.3,19050.1,8210.5,27.2,11144.6,57.1,1411.8,32.5,40.8,9.2,29.9,0
FAC069,Cleveland Industrial Plant 69,USA,Cleveland,Industrial Equipment,2024,805,3345.8,1425.3,20057.1,11264.5,65.2,8576.1,54.5,322.8,90.2,37,9.4,59.4,0
FAC069,Cleveland Industrial Plant 69,USA,Cleveland,Industrial Equipment,2025,867,2595.9,885.8,14235.5,8910.7,68,20149,45.1,1435.1,66.9,28.6,18.4,55.9,0
FAC070,Houston Chemicals Plant 70,USA,Houston,Chemicals,2022,2212,9559.9,5365.4,35456.6,29089.8,21.9,30424.4,49.3,3350,69.3,30.4,11.3,15.1,1
FAC070,Houston Chemicals Plant 70,USA,Houston,Chemicals,2023,2300,10026.4,3293.3,28076.1,24553.9,27.3,56902.1,29.7,2810.8,32.4,35.2,6.4,29.6,0
FAC070,Houston Chemicals Plant 70,USA,Houston,Chemicals,2024,2335,7107.4,5118.3,44677.1,34728.6,54.5,39889.3,29.8,2196.7,91.6,44,7.7,63.4,0
FAC070,Houston Chemicals Plant 70,USA,Houston,Chemicals,2025,2403,15135.8,5322.9,77957.2,41477.9,44.9,44807.6,48.1,2790.7,52,29.6,6.2,43.1,2
FAC071,Cleveland Industrial Plant 71,USA,Cleveland,Industrial Equipment,2022,829,2767.9,992.1,14888.4,7825.8,32.5,18974.1,24.1,822.6,33.7,36.1,19.2,50.4,2
FAC071,Cleveland Industrial Plant 71,USA,Cleveland,Industrial Equipment,2023,822,2433.2,2088.8,11638.3,11539.3,36.7,25301.8,59.9,686.1,66.5,40.2,17.7,49.4,0
FAC071,Cleveland Industrial Plant 71,USA,Cleveland,Industrial Equipment,2024,800,3813.1,631.8,15538.2,8919,64,19163.6,37.3,198.8,77.4,18.2,13.4,49.4,0
FAC071,Cleveland Industrial Plant 71,USA,Cleveland,Industrial Equipment,2025,825,3794.2,1336,18617.2,13058,51.5,13444.1,64.2,743.1,59,26.3,15.4,68,0
FAC072,Cleveland Industrial Plant 72,USA,Cleveland,Industrial Equipment,2022,919,5932.8,2635.1,33718.9,13268.7,32.8,18481.7,25.2,1459,33,24.9,18.5,52.7,0
FAC072,Cleveland Industrial Plant 72,USA,Cleveland,Industrial Equipment,2023,955,4103.5,2515.5,24933.6,12153.4,35.2,13220.5,68.3,237.1,35.6,22.4,20.3,37.6,0
FAC072,Cleveland Industrial Plant 72,USA,Cleveland,Industrial Equipment,2024,936,4425.3,1845,18821,11611.1,56.6,25200,38.6,1631.5,38.3,41.2,7.8,48.2,0
FAC072,Cleveland Industrial Plant 72,USA,Cleveland,Industrial Equipment,2025,992,3987.6,2013.8,15478.7,11397,37.6,13961.8,31.4,608.3,40,22.7,20.4,69.1,0
FAC073,Cleveland Industrial Plant 73,USA,Cleveland,Industrial Equipment,2022,1875,7445.3,6291,46346,19806.3,12.7,53943.9,47.1,2155.1,48.3,42.5,9.6,53.3,1
FAC073,Cleveland Industrial Plant 73,USA,Cleveland,Industrial Equipment,2023,1887,8319.3,3790,26410,27567.2,31.7,32773.9,67.5,2816.5,89.3,44.3,18.5,43.9,1
FAC073,Cleveland Industrial Plant 73,USA,Cleveland,Industrial Equipment,2024,1921,10832.3,3707.5,45758.5,27820.3,64.2,41806.8,51.8,543,41.6,20,15.1,70.7,0
FAC073,Cleveland Industrial Plant 73,USA,Cleveland,Industrial Equipment,2025,1939,9525.7,4155.7,51333.2,33043.9,56.2,32095.2,41.5,1672.1,78.9,28.3,13.4,42,0
FAC074,Detroit Automotive Plant 74,USA,Detroit,Automotive,2022,1265,10073.8,3863.9,34832.6,23565.5,41.4,36704.4,63.4,711.7,38.6,25.5,15.9,17,0
FAC074,Detroit Automotive Plant 74,USA,Detroit,Automotive,2023,1277,7085.9,3343,34975.2,20047.3,49.9,13684,45.2,1542.9,60.5,47.6,19.9,57.1,1
FAC074,Detroit Automotive Plant 74,USA,Detroit,Automotive,2024,1358,5340.7,1824.1,28646.1,15517.7,38.4,30185.1,49.8,1390.4,57.4,38.6,7.8,69.9,0
FAC074,Detroit Automotive Plant 74,USA,Detroit,Automotive,2025,1376,5988.2,2644.4,19439.5,16249.2,36.4,26345.3,64.5,732,53.7,26.1,19.8,49.4,0
FAC075,Cleveland Industrial Plant 75,USA,Cleveland,Industrial Equipment,2022,1055,6967.2,2861.6,24077.8,16845.9,28,13780.5,47.9,629.4,31.7,26.1,9.8,29.4,0
FAC075,Cleveland Industrial Plant 75,USA,Cleveland,Industrial Equipment,2023,1040,5640,1509.1,21831.9,17722,53.2,13676.1,64.9,1272.8,63.1,27.5,13.3,29.3,3
FAC075,Cleveland Industrial Plant 75,USA,Cleveland,Industrial Equipment,2024,1049,2865,1804.1,14900.7,13325.2,60.5,27513.6,45.8,799.4,55.6,34.8,19.9,37.6,0
FAC075,Cleveland Industrial Plant 75,USA,Cleveland,Industrial Equipment,2025,1079,4622.6,1192.9,21079.2,13154.9,69.3,25696.1,69.2,738,56.9,33.3,16.9,54.1,0
FAC076,Leverkusen Chemicals Plant 76,Germany,Leverkusen,Chemicals,2022,1372,4210,4862.5,25797.4,17404.4,18.2,30030.4,47.7,1788.5,29.8,22.9,9.7,24.3,0
FAC076,Leverkusen Chemicals Plant 76,Germany,Leverkusen,Chemicals,2023,1374,7216.7,3576.7,46918.1,17104.2,37.8,33599.4,47,1079.1,40.4,43.6,7.5,28.6,0
FAC076,Leverkusen Chemicals Plant 76,Germany,Leverkusen,Chemicals,2024,1377,2742.3,2398.3,16362.3,12248.6,46.7,12646.6,59.9,1213.4,91.8,21.1,14.9,29.8,2
FAC076,Leverkusen Chemicals Plant 76,Germany,Leverkusen,Chemicals,2025,1443,3826.8,2237.1,14117.9,14118.8,48.1,38163.6,31.1,1533.4,84.7,27.8,12.1,77.9,0
FAC077,Munich Industrial Plant 77,Germany,Munich,Industrial Equipment,2022,2442,6717.7,2823.6,29972.6,20063.6,52.8,59770.5,63.6,1869.3,67.9,34,20.5,31.7,0
FAC077,Munich Industrial Plant 77,Germany,Munich,Industrial Equipment,2023,2445,7110.8,4102.3,22428.8,26838.1,36.5,63419.3,62.7,1582,59.1,18.2,20.3,60.6,1
FAC077,Munich Industrial Plant 77,Germany,Munich,Industrial Equipment,2024,2484,12052.6,4040.3,54241.6,34509.8,65.5,30177,64.8,1908.3,49.2,39.4,15.3,63.3,0
FAC077,Munich Industrial Plant 77,Germany,Munich,Industrial Equipment,2025,2541,10734,5195.6,64020.1,27443.2,47.7,58600.8,41.4,2962.3,82.1,30.4,18.2,42.2,0
FAC078,Leverkusen Chemicals Plant 78,Germany,Leverkusen,Chemicals,2022,2084,7454.8,3262.4,25510.9,23080.1,42.1,61131.5,19.2,3051,43.9,21.8,13,10.4,0
FAC078,Leverkusen Chemicals Plant 78,Germany,Leverkusen,Chemicals,2023,2046,6505.7,5140.3,52347.7,23410.8,35.4,37239.4,60,1287.6,82.3,46.5,6.4,52.9,0
FAC078,Leverkusen Chemicals Plant 78,Germany,Leverkusen,Chemicals,2024,2146,4864.4,1420.1,12767.2,18529.5,70.1,63180.7,57.4,1502.7,90.6,25.4,20.9,35,1
FAC078,Leverkusen Chemicals Plant 78,Germany,Leverkusen,Chemicals,2025,2139,7956.9,1257.5,25618.6,25005.4,84.1,32314.7,55.2,545.1,88.7,33.6,8.6,62.7,0
FAC079,Stuttgart Automotive Plant 79,Germany,Stuttgart,Automotive,2022,1046,1944.6,2241.2,14490.2,9543.4,30.7,17476.3,30.6,1526.6,63.9,38.7,17,17,2
FAC079,Stuttgart Automotive Plant 79,Germany,Stuttgart,Automotive,2023,1084,3236.8,2536.5,25936.2,9126.5,24.1,23580.2,24.9,1125.1,73.5,41.7,7.5,28.5,4
FAC079,Stuttgart Automotive Plant 79,Germany,Stuttgart,Automotive,2024,1118,3954.8,2602.8,18987,15931.2,48.6,12257.9,65.5,928.9,59.9,26.8,16.2,34.5,0
FAC079,Stuttgart Automotive Plant 79,Germany,Stuttgart,Automotive,2025,1140,4711.6,1388.8,25325.2,11301,59,13141.4,51.2,894,82.6,34.2,11.8,68.9,0
FAC080,Leverkusen Chemicals Plant 80,Germany,Leverkusen,Chemicals,2022,901,4023.6,2000.3,13001.7,11332.4,27.7,26379.1,60.6,402.6,70.8,41,8.5,22.7,0
FAC080,Leverkusen Chemicals Plant 80,Germany,Leverkusen,Chemicals,2023,958,1659.3,1501.6,7347.3,7658.4,43.5,26073.7,31.7,796.1,36.1,35.1,18.9,47.6,1
FAC080,Leverkusen Chemicals Plant 80,Germany,Leverkusen,Chemicals,2024,1011,3306,1000.9,18629.6,9405.8,45.2,12730.8,47.6,1371.6,39.6,42,6,51.1,2
FAC080,Leverkusen Chemicals Plant 80,Germany,Leverkusen,Chemicals,2025,1008,3114.2,1105.2,14019.2,14513.4,74.9,24347.8,63.4,303.7,51.2,33.6,6.1,44.4,0
FAC081,Stuttgart Automotive Plant 81,Germany,Stuttgart,Automotive,2022,2326,9582,3892,52080.7,28215,52.7,57820.3,48,2504.7,72.1,30.8,7.7,45.7,1
FAC081,Stuttgart Automotive Plant 81,Germany,Stuttgart,Automotive,2023,2405,10853.8,4727,44885.3,24140.5,27.1,35914.9,69.6,1496,53,40.9,12.4,50.7,1
FAC081,Stuttgart Automotive Plant 81,Germany,Stuttgart,Automotive,2024,2460,9890.6,5242.7,43886.9,29300.2,45.6,44164.1,68.2,492.6,37,26.5,5.3,32.1,2
FAC081,Stuttgart Automotive Plant 81,Germany,Stuttgart,Automotive,2025,2435,9779.8,2312.7,49033.3,23626.8,46.9,56428.3,41,2239.6,68.9,45.8,7,35.7,0
FAC082,Stuttgart Automotive Plant 82,Germany,Stuttgart,Automotive,2022,1271,5036.5,3539.4,29382.9,19073.4,22.7,26080.2,29.3,381.8,46.8,32.5,13.8,50.5,2
FAC082,Stuttgart Automotive Plant 82,Germany,Stuttgart,Automotive,2023,1262,5968,3061.9,19831.4,15594.6,33.5,11648.6,59,823.2,80.7,30.5,19.4,57.1,0
FAC082,Stuttgart Automotive Plant 82,Germany,Stuttgart,Automotive,2024,1352,7434.5,1672.1,30151.6,20763.9,57.8,20313.8,50.9,844.8,74.8,22.6,15.8,70.9,3
FAC082,Stuttgart Automotive Plant 82,Germany,Stuttgart,Automotive,2025,1376,5160.6,3368.2,20213.5,16756,40.4,21184.5,49,1608.4,68.5,25.9,10.9,53.6,0
FAC083,Stuttgart Automotive Plant 83,Germany,Stuttgart,Automotive,2022,2180,6564.2,3972.7,47339.1,19146.9,29,42582.9,30.6,1190.6,53.8,38.5,15.2,15.1,0
FAC083,Stuttgart Automotive Plant 83,Germany,Stuttgart,Automotive,2023,2197,7759.1,2699.9,28888.3,22266.1,34.4,65313.2,51.6,3267.4,57.4,22.4,6.2,54.8,0
FAC083,Stuttgart Automotive Plant 83,Germany,Stuttgart,Automotive,2024,2241,4170.7,2334.4,16962.8,18833.2,62.2,48544.7,32.5,2873.4,51.4,28.3,17.9,39.7,0
FAC083,Stuttgart Automotive Plant 83,Germany,Stuttgart,Automotive,2025,2279,5079.2,2166.3,19176.3,20240,62.4,42450,59.2,874.6,76.3,18.6,13.8,63.9,0
FAC084,Stuttgart Automotive Plant 84,Germany,Stuttgart,Automotive,2022,422,995.3,588.4,6909.6,3716.2,42,3994.3,52.3,448.1,86.2,28.8,7.7,23.2,3
FAC084,Stuttgart Automotive Plant 84,Germany,Stuttgart,Automotive,2023,443,1786.7,505.9,6393.2,4022.7,37.1,11991.6,47.5,196,61,31.7,20.3,19,0
FAC084,Stuttgart Automotive Plant 84,Germany,Stuttgart,Automotive,2024,470,1768.3,412.2,8091.4,4579.8,51,7434.6,39.3,702.6,90.8,26.3,6,37.6,0
FAC084,Stuttgart Automotive Plant 84,Germany,Stuttgart,Automotive,2025,414,1645,278.9,5737.3,6415.9,82.5,4562.2,59.2,363.1,75.3,44.2,15.5,52.8,0
FAC085,Munich Industrial Plant 85,Germany,Munich,Industrial Equipment,2022,1496,3751.6,2003.2,19298.1,14905.5,35.3,38301.1,62.9,900.1,72.2,33.7,8.2,54.8,4
FAC085,Munich Industrial Plant 85,Germany,Munich,Industrial Equipment,2023,1466,4531.6,1999.6,21764.6,18920.3,45.4,34931.4,30.8,1893.2,39,18.9,10.6,61.8,4
FAC085,Munich Industrial Plant 85,Germany,Munich,Industrial Equipment,2024,1515,7049.9,1715,23529.3,16645.4,71.9,38087.7,30.7,666.9,78.5,36.4,9.3,51.5,0
FAC085,Munich Industrial Plant 85,Germany,Munich,Industrial Equipment,2025,1535,3063.9,2935.4,14009.7,13935.1,37.3,40854.1,48.8,1603.2,49.6,29.6,12.1,41.4,0
FAC086,Munich Industrial Plant 86,Germany,Munich,Industrial Equipment,2022,235,1344.3,632,4963.3,3654.7,21.6,2795.5,67.6,181.2,66.3,38.6,19.9,49.9,0
FAC086,Munich Industrial Plant 86,Germany,Munich,Industrial Equipment,2023,210,995.4,290.8,5592.2,2619,57.1,4322.3,47.7,217.1,73.7,19.2,7.2,38.6,3
FAC086,Munich Industrial Plant 86,Germany,Munich,Industrial Equipment,2024,241,1079.3,437.8,4991.7,2812.1,46.6,5271.7,28.2,139.4,57.7,27.1,18.2,46.8,0
FAC086,Munich Industrial Plant 86,Germany,Munich,Industrial Equipment,2025,293,1905.8,368.5,8222.2,4474.5,69.8,2927,50,127.1,70.4,44.8,13.2,51.7,0
FAC087,Stuttgart Automotive Plant 87,Germany,Stuttgart,Automotive,2022,930,2868.3,1780.8,12204.8,11450.9,42.6,21592.5,65.2,1149,73.1,21.7,7.8,30.2,0
FAC087,Stuttgart Automotive Plant 87,Germany,Stuttgart,Automotive,2023,957,5676.5,1829.6,18012.8,12790.8,52.7,19243,24.1,404,50.8,44.1,19.3,25.3,0
FAC087,Stuttgart Automotive Plant 87,Germany,Stuttgart,Automotive,2024,914,3862.6,1524.9,19212.5,9849.5,42.5,9675.8,31.8,423.8,70.5,25.6,12.3,64.5,0
FAC087,Stuttgart Automotive Plant 87,Germany,Stuttgart,Automotive,2025,926,2935.9,1433.6,13695.5,11548.9,60.2,16409.9,54,193.1,85.9,26.3,14.6,70.9,0
FAC088,Stuttgart Automotive Plant 88,Germany,Stuttgart,Automotive,2022,754,4015.1,2629.5,27209.9,9711.1,13.6,10982.5,65.9,198.9,52.9,23.3,16.8,37.5,1
FAC088,Stuttgart Automotive Plant 88,Germany,Stuttgart,Automotive,2023,838,4496.2,1837.2,18369.8,10182.2,45.3,7364.7,58.9,519.3,85.6,42.6,17.6,55.9,0
FAC088,Stuttgart Automotive Plant 88,Germany,Stuttgart,Automotive,2024,838,1848.2,773.7,8682.7,6880.7,60.6,19532.3,52.9,286.7,76.6,36.9,20.8,47.8,0
FAC088,Stuttgart Automotive Plant 88,Germany,Stuttgart,Automotive,2025,830,2384.3,597.4,10609.2,9000.1,77.5,23568.9,54.6,701.6,77.9,32.9,17.4,73.8,0
FAC089,Munich Industrial Plant 89,Germany,Munich,Industrial Equipment,2022,932,3000.1,1673.7,11770.2,7515.5,32,20072.3,39.6,241.5,48.4,42.2,9.4,38.8,1
FAC089,Munich Industrial Plant 89,Germany,Munich,Industrial Equipment,2023,983,4531.6,2247.9,13662.9,13871.9,33.8,22695.9,38.4,1122.3,68.2,18.9,8.3,32.9,0
FAC089,Munich Industrial Plant 89,Germany,Munich,Industrial Equipment,2024,1031,5680.7,1498.3,25614.7,15718.1,65.5,28481.7,49.6,655.3,79.7,30.4,16.9,63.6,0
FAC089,Munich Industrial Plant 89,Germany,Munich,Industrial Equipment,2025,1030,4255,1920.7,26496.6,12356.5,36.9,26272.4,32.6,405.9,83.7,28.2,10.5,58,0
FAC090,Leverkusen Chemicals Plant 90,Germany,Leverkusen,Chemicals,2022,1758,8426.1,3542.9,33348.6,21723.1,49.2,15287.3,39.5,1487.6,40.9,31.6,21.2,19.7,0
FAC090,Leverkusen Chemicals Plant 90,Germany,Leverkusen,Chemicals,2023,1784,4633.8,2875.1,24516.5,18496.4,21.7,45632.1,65.4,714.1,51.1,32.5,19.5,32,0
FAC090,Leverkusen Chemicals Plant 90,Germany,Leverkusen,Chemicals,2024,1818,9664.3,1508.5,42584.3,26177.8,72.1,32916.9,57.4,1598.1,35.2,46,16,52.7,0
FAC090,Leverkusen Chemicals Plant 90,Germany,Leverkusen,Chemicals,2025,1900,11161,5525.6,34311,28505.1,41.1,46905,55.6,898.3,50.4,26.6,13,68.8,0
FAC091,Munich Industrial Plant 91,Germany,Munich,Industrial Equipment,2022,771,2595.4,1801.3,11064,7295.8,12.7,12110.1,34.6,296.1,72.2,26.5,9.9,13.2,1
FAC091,Munich Industrial Plant 91,Germany,Munich,Industrial Equipment,2023,809,1989.4,2689.9,9948.8,9598.9,22.3,13299.3,26.1,574,73.7,44.7,15.6,49.1,0
FAC091,Munich Industrial Plant 91,Germany,Munich,Industrial Equipment,2024,827,3069.1,856.6,13087.2,8114.5,66.4,24331.2,59.3,666.1,42.5,42.4,19.7,47.1,0
FAC091,Munich Industrial Plant 91,Germany,Munich,Industrial Equipment,2025,857,2271.6,608.6,7618.5,9628.3,82.4,13708.5,37.3,1193.3,57.2,43.8,9.7,55.9,0
FAC092,Stuttgart Automotive Plant 92,Germany,Stuttgart,Automotive,2022,1640,7168.6,4440.6,26915.8,18287.9,19.3,16833.8,60.5,2026.7,46.8,37.5,18.7,34,0
FAC092,Stuttgart Automotive Plant 92,Germany,Stuttgart,Automotive,2023,1663,3647.1,2901.9,14179.6,15211.8,31,20922.6,55.3,1264.7,90.8,35,11,49.2,0
FAC092,Stuttgart Automotive Plant 92,Germany,Stuttgart,Automotive,2024,1652,9230,1761.8,38363.5,22556.9,61.5,25041.5,30.3,1286.5,52.6,30.2,14.6,56.8,0
FAC092,Stuttgart Automotive Plant 92,Germany,Stuttgart,Automotive,2025,1724,3693.2,1241.9,11584.1,17148.1,67.6,35819.4,60.2,2159.8,79.4,37.8,11.7,47.1,0
FAC093,Munich Industrial Plant 93,Germany,Munich,Industrial Equipment,2022,967,4350.7,3426.6,21476,12700.2,25.6,27804.5,40.6,1428.6,48.1,20.7,6.1,54.4,0
FAC093,Munich Industrial Plant 93,Germany,Munich,Industrial Equipment,2023,976,6090,4130.1,20461.7,14320.4,22.8,19833,69,334.4,47.5,18.9,12.4,44.6,1
FAC093,Munich Industrial Plant 93,Germany,Munich,Industrial Equipment,2024,1028,2768.9,1210.9,9343.3,10952.6,48.5,20785.4,63.1,687.1,58.8,26.7,19,31.6,0
FAC093,Munich Industrial Plant 93,Germany,Munich,Industrial Equipment,2025,1001,3026.8,641.5,8581.8,8304.3,79.4,11029.9,62.2,1319.5,86.5,38.9,19.4,62,0
FAC094,Munich Industrial Plant 94,Germany,Munich,Industrial Equipment,2022,2458,7874.3,3654.4,37415.2,25716.7,21.7,59188.9,55,1352,87.1,35.3,6.5,11.7,1
FAC094,Munich Industrial Plant 94,Germany,Munich,Industrial Equipment,2023,2496,7457.7,2431.9,37859.7,20014.1,41.7,73978.3,69.2,3026.5,58.8,20.3,19.7,22,1
FAC094,Munich Industrial Plant 94,Germany,Munich,Industrial Equipment,2024,2507,11376.3,4661.2,68303.1,32983.8,53.3,49565.2,26.5,1981.1,86.6,35.2,10.3,41.9,3
FAC094,Munich Industrial Plant 94,Germany,Munich,Industrial Equipment,2025,2584,10687.7,5099.7,60267.3,24813.8,37.7,52717.6,32.5,2106.2,48.8,19.5,20.3,70.4,0
FAC095,Munich Industrial Plant 95,Germany,Munich,Industrial Equipment,2022,2135,6882.2,3392.2,36366.2,17381.9,15.3,30006.9,31.4,2484.8,65.5,45.3,17.8,39.7,0
FAC095,Munich Industrial Plant 95,Germany,Munich,Industrial Equipment,2023,2190,6578.6,3375.8,41360.9,20479.3,51.5,34038.4,26.1,851,87.9,22.6,13.4,62.7,2
FAC095,Munich Industrial Plant 95,Germany,Munich,Industrial Equipment,2024,2241,7015.7,3249.8,42135.6,29012,62.1,20606.4,37.6,2835.7,38,31.9,12.6,47.4,2
FAC095,Munich Industrial Plant 95,Germany,Munich,Industrial Equipment,2025,2322,6288.7,1499,25902.7,21137.1,69.5,40784,41.6,2871.2,59.9,27.5,13,77,0
FAC096,Leverkusen Chemicals Plant 96,Germany,Leverkusen,Chemicals,2022,1644,5507.9,2884.7,33619,20540.7,40,22387.3,48.4,1314.3,70.2,25.3,16.8,44.7,1
FAC096,Leverkusen Chemicals Plant 96,Germany,Leverkusen,Chemicals,2023,1644,3262.8,2484.5,17403.5,16143.1,20.5,32149.8,54.9,1080.1,75,25.6,6,45.9,0
FAC096,Leverkusen Chemicals Plant 96,Germany,Leverkusen,Chemicals,2024,1730,9773.5,2246.5,45317.7,22333.3,67.3,18406.3,63.7,638.2,72.4,45,14.1,69.5,2
FAC096,Leverkusen Chemicals Plant 96,Germany,Leverkusen,Chemicals,2025,1709,6883.8,2006,38286,15859.6,58.9,24063.5,47.1,2348.9,80,27.7,7.1,37.3,1
FAC097,Munich Industrial Plant 97,Germany,Munich,Industrial Equipment,2022,1773,11412,4692.3,35002.6,28303.5,23.1,52387.3,28.4,1259.6,68.2,21.3,14.7,29.4,1
FAC097,Munich Industrial Plant 97,Germany,Munich,Industrial Equipment,2023,1779,6111.8,2517.3,29583.7,27064.8,52.2,24039.8,43.4,2429.2,39.2,37.2,20.4,47.9,0
FAC097,Munich Industrial Plant 97,Germany,Munich,Industrial Equipment,2024,1843,9176.7,4621,44521,27905.9,55,32424.4,63.1,2239.6,79.8,34.2,5.1,68.9,1
FAC097,Munich Industrial Plant 97,Germany,Munich,Industrial Equipment,2025,1898,6878.1,1432,22911.5,15356.4,62.2,17488.7,69.9,1976.2,59,43.6,9.9,71.9,1
FAC098,Munich Industrial Plant 98,Germany,Munich,Industrial Equipment,2022,993,4348,1324.6,16877.5,11906.3,53.6,10276.5,53.8,826.6,84.3,31.1,9,11.6,0
FAC098,Munich Industrial Plant 98,Germany,Munich,Industrial Equipment,2023,1066,3882.3,1881,18726.2,9750,37.5,31158.1,61,1552.7,31,28.2,10.9,50.4,0
FAC098,Munich Industrial Plant 98,Germany,Munich,Industrial Equipment,2024,1038,4657.9,1897.2,27437.3,14806,59.4,11705.5,51.5,1455.5,37.1,22.2,15.5,47.2,2
FAC098,Munich Industrial Plant 98,Germany,Munich,Industrial Equipment,2025,1036,1937.1,939.1,12257.4,9514.8,67.8,26994.3,33.9,1030.4,83.4,19.9,17.6,39.1,0
FAC099,Leverkusen Chemicals Plant 99,Germany,Leverkusen,Chemicals,2022,1051,6029.6,3926.8,36798.8,14966.3,30.3,15905,68.7,997.1,34.2,43.1,18.7,44.4,1
FAC099,Leverkusen Chemicals Plant 99,Germany,Leverkusen,Chemicals,2023,1106,3259.7,1210.6,13074.8,8371.3,32.3,12862.9,33.7,1058,38.3,41.7,15.6,34.9,0
FAC099,Leverkusen Chemicals Plant 99,Germany,Leverkusen,Chemicals,2024,1148,3827.7,2043.7,20457.9,8870,28.3,16349.9,56.5,1411.9,62.1,21.8,7.3,38.2,0
FAC099,Leverkusen Chemicals Plant 99,Germany,Leverkusen,Chemicals,2025,1137,3676.8,1293.3,16151.4,17558.5,65.9,32866.8,55.1,1384.1,58.1,18.1,8.3,39.3,0
FAC100,Stuttgart Automotive Plant 100,Germany,Stuttgart,Automotive,2022,1691,6975.9,2947.9,21164.2,19561.3,32,17719.9,25.8,2193.1,86.1,32.9,8.6,51.5,0
FAC100,Stuttgart Automotive Plant 100,Germany,Stuttgart,Automotive,2023,1701,4614.1,3351.6,31034.5,16271.1,39.6,15229,57.5,2385.3,40.9,41.6,13.3,23.2,3
FAC100,Stuttgart Automotive Plant 100,Germany,Stuttgart,Automotive,2024,1744,5371.1,3846.5,25940.3,21511.1,43.3,43839.7,40.3,571.1,77.1,44.1,11,35.9,0
FAC100,Stuttgart Automotive Plant 100,Germany,Stuttgart,Automotive,2025,1783,3392.2,1717.2,12493.3,13353,57.4,28914.3,48.3,806.6,58.6,26.1,9.9,35.4,0
FAC101,Curitiba Industrial Plant 101,Brazil,Curitiba,Industrial Equipment,2022,713,2157.9,1509.8,15463.1,8887.6,31.7,12896.7,59.1,623.9,66,23.1,21.5,48.5,0
FAC101,Curitiba Industrial Plant 101,Brazil,Curitiba,Industrial Equipment,2023,779,2626.7,923.3,9577.6,7550.4,64.8,15931.6,57.3,344.7,50.3,35.4,19.8,44.6,0
FAC101,Curitiba Industrial Plant 101,Brazil,Curitiba,Industrial Equipment,2024,801,2167.6,2035.6,16113.8,10270.1,47.6,12999.3,44.7,485.2,81.2,38.9,6.6,48.3,0
FAC101,Curitiba Industrial Plant 101,Brazil,Curitiba,Industrial Equipment,2025,744,2130.7,929.2,7948.6,8372,55.9,18957.4,30.6,676.5,48.4,31.8,13.6,60.3,3
FAC102,Salvador Chemicals Plant 102,Brazil,Salvador,Chemicals,2022,758,1991.3,904.3,5801.1,5582.5,49.5,14046.2,38,707.4,60.6,26.9,18,41.4,1
FAC102,Salvador Chemicals Plant 102,Brazil,Salvador,Chemicals,2023,794,2103.3,1517,13899.8,9550,55.4,6213,67.4,726.9,85.1,21.3,11.3,45.9,0
FAC102,Salvador Chemicals Plant 102,Brazil,Salvador,Chemicals,2024,758,2812.9,1076.6,9124.8,8268.7,61.1,9901.9,49.7,672.5,77,40.6,18.9,57.6,1
FAC102,Salvador Chemicals Plant 102,Brazil,Salvador,Chemicals,2025,779,2132.9,346.3,5295.9,6544.8,80,10728.1,48.1,564.1,83.1,32.1,13,71.1,2
FAC103,Salvador Chemicals Plant 103,Brazil,Salvador,Chemicals,2022,1655,2713.4,1578.7,10502.9,12231.9,50,40910.6,22,582.7,32.5,22.4,8.4,19.2,4
FAC103,Salvador Chemicals Plant 103,Brazil,Salvador,Chemicals,2023,1682,4621.3,1035.3,16216.1,13780.2,63.6,25398.5,52.9,827.8,33.9,44.2,9.2,60.6,1
FAC103,Salvador Chemicals Plant 103,Brazil,Salvador,Chemicals,2024,1766,7270,2093.2,34312.7,18325.9,58.8,29517.1,50.1,1194,67.3,44.9,9.9,61.5,0
FAC103,Salvador Chemicals Plant 103,Brazil,Salvador,Chemicals,2025,1795,5086,1582.6,20938.2,24010,73.7,17790.2,67,1717,54.8,47.2,17.9,65.2,0
FAC104,Campinas Electronics Plant 104,Brazil,Campinas,Electronics,2022,830,1952.1,690.1,7726.3,5680.9,54.7,8828.2,54.8,751.5,90.5,22.4,13.2,53.9,1
FAC104,Campinas Electronics Plant 104,Brazil,Campinas,Electronics,2023,831,3507.1,1394.9,15417.3,10795.8,38.2,10626.9,22.2,819.4,90.5,27.9,16.8,39.3,0
FAC104,Campinas Electronics Plant 104,Brazil,Campinas,Electronics,2024,906,3826.3,1255.3,14465.8,10012.8,65.6,8063.7,47.1,194.1,73.6,21.5,5.4,53.8,0
FAC104,Campinas Electronics Plant 104,Brazil,Campinas,Electronics,2025,895,2147,1083.6,8255.3,5958.4,38.7,21745.8,41.1,174.5,68,31.4,15.2,37.9,0
FAC105,Campinas Electronics Plant 105,Brazil,Campinas,Electronics,2022,2188,4946.8,4780.4,29122.2,23114.6,34,44172.5,40.2,1305.5,25.8,28.3,10.9,30.1,1
FAC105,Campinas Electronics Plant 105,Brazil,Campinas,Electronics,2023,2218,11448.9,5222.9,45373.7,25547.1,40,48499,68.6,1415.8,85.6,22.2,14.9,21.9,0
FAC105,Campinas Electronics Plant 105,Brazil,Campinas,Electronics,2024,2295,8801.8,5377.3,49296.4,31008,52.7,31732.8,26.3,2010.1,50.6,23.2,12.4,51.6,2
FAC105,Campinas Electronics Plant 105,Brazil,Campinas,Electronics,2025,2304,5749.6,1450.1,29271.2,16987.3,54.7,51625.1,42.2,1815.6,64.1,18.8,4.5,45.8,3
FAC106,Salvador Chemicals Plant 106,Brazil,Salvador,Chemicals,2022,684,2325.7,956.3,7543.3,6252.6,33.2,8197,69.7,166.7,75,35.4,15,49.1,1
FAC106,Salvador Chemicals Plant 106,Brazil,Salvador,Chemicals,2023,721,2834.3,1363.4,8579.5,9663.6,56.8,8402.1,49.9,239,58.6,38.8,11.2,20.4,0
FAC106,Salvador Chemicals Plant 106,Brazil,Salvador,Chemicals,2024,720,1637.6,518.5,5356.9,4552.3,41.7,13351.8,59.6,598.8,44.5,27.7,10.1,64,1
FAC106,Salvador Chemicals Plant 106,Brazil,Salvador,Chemicals,2025,723,1812.5,725.9,10301.6,8093,69.7,5090.8,50.7,420.9,65.2,28.2,19.1,38.6,0
FAC107,Campinas Electronics Plant 107,Brazil,Campinas,Electronics,2022,982,3463.7,1562.6,16977.7,10451.2,47.8,20566,23.9,666.6,30.1,42.6,20.8,31.6,0
FAC107,Campinas Electronics Plant 107,Brazil,Campinas,Electronics,2023,976,3059,1170.9,18718.5,6845.1,39.9,9779.8,36.6,968.8,37.4,21.9,16.6,49,0
FAC107,Campinas Electronics Plant 107,Brazil,Campinas,Electronics,2024,975,2524.1,1557.9,8957.3,6772.5,31.7,20754.6,59.3,211.6,41.1,41.8,13.2,28.7,0
FAC107,Campinas Electronics Plant 107,Brazil,Campinas,Electronics,2025,1000,1272.4,615.9,4361,6281.1,50.8,18053.5,53.5,391,74.9,18.9,6.8,67.6,0
FAC108,Curitiba Industrial Plant 108,Brazil,Curitiba,Industrial Equipment,2022,1602,7069,3058.9,21986.1,20011.9,45.6,35446.3,57.7,1208.5,73,46.9,8.7,43.9,0
FAC108,Curitiba Industrial Plant 108,Brazil,Curitiba,Industrial Equipment,2023,1626,8739.9,2246.8,41148.8,21171.1,61.4,16685.8,54.3,469.3,81.8,47.4,12.3,41.1,0
FAC108,Curitiba Industrial Plant 108,Brazil,Curitiba,Industrial Equipment,2024,1686,2720.3,2581.9,19946,11626.1,33.2,29030.2,27.8,897.9,41.6,26.5,14.6,40,3
FAC108,Curitiba Industrial Plant 108,Brazil,Curitiba,Industrial Equipment,2025,1735,5944.5,1556.7,31069.5,13321.2,56,40827.9,62.1,2095.3,59.1,18.4,15.3,64.2,0
FAC109,Sao Paulo Automotive Plant 109,Brazil,Sao Paulo,Automotive,2022,646,2575.2,1105.3,15572.4,5794.8,41.9,6431,36.9,251.9,38.4,43.3,12.5,20.5,0
FAC109,Sao Paulo Automotive Plant 109,Brazil,Sao Paulo,Automotive,2023,704,1965.4,639.3,10350.4,5688.8,52.1,13263.1,41.2,489.8,67.4,30.1,13.3,30.6,2
FAC109,Sao Paulo Automotive Plant 109,Brazil,Sao Paulo,Automotive,2024,667,1183.4,829.1,4174.5,4592.1,51,13738.1,62.5,480.5,36.5,23.4,14.7,40.7,0
FAC109,Sao Paulo Automotive Plant 109,Brazil,Sao Paulo,Automotive,2025,747,1937.7,1004.6,11715.7,4995.2,39.7,7900.4,56.5,531.7,53.6,28.3,18.3,58.6,3
FAC110,Sao Paulo Automotive Plant 110,Brazil,Sao Paulo,Automotive,2022,1917,5008.9,3450.5,17613.7,17032.1,25.5,32990.9,62.7,967.8,72.3,32.7,8.2,42.2,1
FAC110,Sao Paulo Automotive Plant 110,Brazil,Sao Paulo,Automotive,2023,1954,6812.8,3355.2,32278.8,20129.6,42.1,33831.9,29.5,452.5,46.3,35.7,11.5,48.4,2
FAC110,Sao Paulo Automotive Plant 110,Brazil,Sao Paulo,Automotive,2024,2015,3576.8,4157.9,22215.5,16929.4,29.3,41663.1,27.2,2327.2,54.5,20.9,10.5,42.1,0
FAC110,Sao Paulo Automotive Plant 110,Brazil,Sao Paulo,Automotive,2025,2049,5595.5,1873.9,16161.9,16072.9,67.8,25616.3,43.5,393,57,31.8,18.3,59.6,2
FAC111,Curitiba Industrial Plant 111,Brazil,Curitiba,Industrial Equipment,2022,283,870.6,347.9,4181.1,2956.8,54.4,6202.1,23.2,259.2,47.5,33.1,18.2,25.3,1
FAC111,Curitiba Industrial Plant 111,Brazil,Curitiba,Industrial Equipment,2023,274,1314.3,973.3,5006,3662.3,29.1,6220.1,32.3,126.9,48.4,35.2,18.4,46.1,4
FAC111,Curitiba Industrial Plant 111,Brazil,Curitiba,Industrial Equipment,2024,307,444.3,391.8,2665.6,2049.1,43.8,3291.7,61,273.2,52.2,42.1,11.9,50.3,0
FAC111,Curitiba Industrial Plant 111,Brazil,Curitiba,Industrial Equipment,2025,289,837,254.9,4588.4,2275.1,61.3,5358.3,50.6,108.7,66,37.8,17.7,76.2,0
FAC112,Salvador Chemicals Plant 112,Brazil,Salvador,Chemicals,2022,2538,5133.2,2945.2,31231.8,16263.7,20.6,53590.9,61.9,1582,82.6,45.3,16.1,48.1,0
FAC112,Salvador Chemicals Plant 112,Brazil,Salvador,Chemicals,2023,2543,9703.1,4955.4,33478.5,27698.9,31.5,26418.8,33.8,2756.8,58.8,34.8,12.5,47.1,0
FAC112,Salvador Chemicals Plant 112,Brazil,Salvador,Chemicals,2024,2577,8230.3,3444,39421.4,20709.4,29.4,48572.1,27.9,2495.4,79.6,19.7,19.3,40.1,0
FAC112,Salvador Chemicals Plant 112,Brazil,Salvador,Chemicals,2025,2615,9765.6,4612,32001.2,33575,55.9,63903.1,59,850.7,45.8,40,19.4,57.5,1
FAC113,Curitiba Industrial Plant 113,Brazil,Curitiba,Industrial Equipment,2022,2184,6817.4,3450.9,35536.7,16972.5,17.3,30777.1,56.9,940.7,53.3,22.3,8.8,53.6,0
FAC113,Curitiba Industrial Plant 113,Brazil,Curitiba,Industrial Equipment,2023,2249,9410.2,6998.8,37452,28227.6,22.5,38245.2,44.8,994.5,47.2,41.5,7.8,39.4,0
FAC113,Curitiba Industrial Plant 113,Brazil,Curitiba,Industrial Equipment,2024,2300,4940,1302.2,22818.7,14055.8,73.4,56105.9,56.4,2395.7,48.7,34.6,9.9,69.1,0
FAC113,Curitiba Industrial Plant 113,Brazil,Curitiba,Industrial Equipment,2025,2320,7236.3,2216.6,41610.4,23297.6,47.6,56015,66.7,1165.8,88.7,40.7,9.3,72.7,0
FAC114,Salvador Chemicals Plant 114,Brazil,Salvador,Chemicals,2022,1491,3932.8,4575,27473.6,17874.5,23.8,30686,66.2,801.6,53.3,45.6,7.6,17.2,0
FAC114,Salvador Chemicals Plant 114,Brazil,Salvador,Chemicals,2023,1476,5144.9,2210.2,23044.7,12755.2,47.1,10791.7,24.5,1297.3,69.1,41.7,7.7,36,1
FAC114,Salvador Chemicals Plant 114,Brazil,Salvador,Chemicals,2024,1538,4179,3433.2,29832.4,15925.9,33.2,29129.2,31.7,1271,58.4,46.2,12.2,65.3,0
FAC114,Salvador Chemicals Plant 114,Brazil,Salvador,Chemicals,2025,1549,6943.1,896.6,23803.2,17362.9,76.5,15801.9,65.1,1880.4,86,24.7,19.7,75.5,0
FAC115,Campinas Electronics Plant 115,Brazil,Campinas,Electronics,2022,563,1018.1,632.2,5070.1,4203.8,42.2,6567.4,22.6,324.6,88.5,21.5,17.5,29.6,3
FAC115,Campinas Electronics Plant 115,Brazil,Campinas,Electronics,2023,572,1798.8,895.6,11761.4,7023.3,42.2,12590.2,34.8,569,53.7,30.9,8.8,27.7,2
FAC115,Campinas Electronics Plant 115,Brazil,Campinas,Electronics,2024,549,1188,631.4,4829.6,5023.5,47.2,10074.5,65.9,317.6,74,31.7,5.2,32,0
FAC115,Campinas Electronics Plant 115,Brazil,Campinas,Electronics,2025,586,2476.1,623.1,8183.6,6565.8,71,5028.9,32.4,315.2,52.2,45.2,20.4,76.3,3
FAC116,Sao Paulo Automotive Plant 116,Brazil,Sao Paulo,Automotive,2022,193,841.3,426,2953.6,1893.3,28.4,4532.5,20.1,71.1,36.4,32.8,11.4,31.1,0
FAC116,Sao Paulo Automotive Plant 116,Brazil,Sao Paulo,Automotive,2023,232,598,551.4,3733.3,2148.8,31.7,5800.5,35.5,131.9,56.7,45.1,9.7,55.3,3
FAC116,Sao Paulo Automotive Plant 116,Brazil,Sao Paulo,Automotive,2024,235,546.9,222.9,3009.3,1961,70,2262.7,63.5,210.7,80.5,19.6,7.4,36.3,0
FAC116,Sao Paulo Automotive Plant 116,Brazil,Sao Paulo,Automotive,2025,206,339.7,218.9,1808.3,1483.4,58.9,3101.6,69.6,162.7,63.8,21.4,16,40.7,0
FAC117,Campinas Electronics Plant 117,Brazil,Campinas,Electronics,2022,1326,6636.1,2671.5,34045.8,16359.4,44.2,14283.4,69.9,231.5,76.4,23.4,20.7,21.1,1
FAC117,Campinas Electronics Plant 117,Brazil,Campinas,Electronics,2023,1341,6326,4255.3,31589.7,17082.1,21.2,23922.5,67.7,1468.2,39.5,20.4,18.8,47.7,1
FAC117,Campinas Electronics Plant 117,Brazil,Campinas,Electronics,2024,1390,6454.8,3255.6,42504.8,14589,28.3,17897.5,58.2,1364.2,89.6,35.1,8.4,28.2,0
FAC117,Campinas Electronics Plant 117,Brazil,Campinas,Electronics,2025,1424,5781.8,1423.6,16078,17167.5,72.4,16477.9,39.6,1455.1,60.7,18.6,7.8,51.5,0
FAC118,Campinas Electronics Plant 118,Brazil,Campinas,Electronics,2022,671,2615.1,1093.8,13768.9,6512,30.6,6210.1,52.6,731,59.3,32.7,20.2,31.4,1
FAC118,Campinas Electronics Plant 118,Brazil,Campinas,Electronics,2023,700,1357.5,616,7058.6,4648.1,39,5976.7,46.6,871.8,71.9,37.4,16.9,59.9,1
FAC118,Campinas Electronics Plant 118,Brazil,Campinas,Electronics,2024,726,1052,814.4,5134.4,4786.1,50,18298.3,56.1,364.4,49.2,30.8,14.1,50.8,2
FAC118,Campinas Electronics Plant 118,Brazil,Campinas,Electronics,2025,738,1117.8,674.1,6130.4,4998.8,56.8,8515.2,40.2,192.1,66.2,21.4,15.1,42.1,0
FAC119,Salvador Chemicals Plant 119,Brazil,Salvador,Chemicals,2022,335,852.2,573.5,5550.8,3060,42.3,5096.7,60,183.3,86.5,42.3,9.4,13.5,4
FAC119,Salvador Chemicals Plant 119,Brazil,Salvador,Chemicals,2023,365,1536.4,627.5,4959,4605.5,24.8,3654.2,44.9,341.1,83.9,47,15.1,39.9,1
FAC119,Salvador Chemicals Plant 119,Brazil,Salvador,Chemicals,2024,417,1353.1,379.1,4775.1,3631.9,59.7,3811,26.6,122.5,35.9,47.1,18.7,35.4,0
FAC119,Salvador Chemicals Plant 119,Brazil,Salvador,Chemicals,2025,376,1387.6,253.6,4517.1,3490.7,66.7,5815.2,49,73,48.6,22.6,15.7,77.4,0
FAC120,Salvador Chemicals Plant 120,Brazil,Salvador,Chemicals,2022,1158,2830.9,1226.3,9155.7,9501.9,47.7,26229.5,40.5,728.8,58.2,35.4,17.7,55,0
FAC120,Salvador Chemicals Plant 120,Brazil,Salvador,Chemicals,2023,1207,4118.1,1967.6,24596.7,11670.1,46.6,19220,56.3,909.8,56.2,27.5,6.5,58.2,0
FAC120,Salvador Chemicals Plant 120,Brazil,Salvador,Chemicals,2024,1239,3066.1,976.5,12494,8480.5,57.3,12163.2,58,853.1,60,33.2,14.4,56.8,2
FAC120,Salvador Chemicals Plant 120,Brazil,Salvador,Chemicals,2025,1262,3315.6,1618.9,20146.1,8775.1,50.4,24466.5,59.4,1324.5,81.6,43.3,14.4,46.7,1
FAC121,Salvador Chemicals Plant 121,Brazil,Salvador,Chemicals,2022,690,1161.8,841.8,8985,5158.5,38,8610,28.9,153.2,26.2,44.4,11.7,17.1,2
FAC121,Salvador Chemicals Plant 121,Brazil,Salvador,Chemicals,2023,746,1421.7,1081.4,5761.4,4621.1,22.9,8199,34.4,407.4,52,19.4,19.5,30,0
FAC121,Salvador Chemicals Plant 121,Brazil,Salvador,Chemicals,2024,761,1710.6,1993.5,14807,8045.9,32.9,18873.9,59.3,949,79.6,36.3,18.7,30.6,0
FAC121,Salvador Chemicals Plant 121,Brazil,Salvador,Chemicals,2025,774,2184.4,626.9,6726.3,5229.4,66.9,9491.3,47.7,564.3,78.1,21,14.9,49.1,0
FAC122,Campinas Electronics Plant 122,Brazil,Campinas,Electronics,2022,1991,9630.1,5677.2,41588.3,23562.5,12.3,19915.2,31.8,1911.9,52.8,36.9,9.9,43.9,1
FAC122,Campinas Electronics Plant 122,Brazil,Campinas,Electronics,2023,2006,6036,3067.6,39870.1,14053.3,39.3,33002.9,54.7,2432.9,57.4,41.1,17,41.3,0
FAC122,Campinas Electronics Plant 122,Brazil,Campinas,Electronics,2024,2060,4150.9,854.2,19509.8,17218,74.2,39439.3,54.2,2404.6,38.3,36.9,16.4,55.7,0
FAC122,Campinas Electronics Plant 122,Brazil,Campinas,Electronics,2025,2093,7191.4,1400.5,32682.5,19167,79.4,26510.1,43.8,2268.5,86.8,36.3,6.8,52.2,0
FAC123,Salvador Chemicals Plant 123,Brazil,Salvador,Chemicals,2022,1605,4215.9,2746.7,20713.6,19070.3,49.9,32490.1,63.8,1195.9,61.2,24.4,14.2,24.1,0
FAC123,Salvador Chemicals Plant 123,Brazil,Salvador,Chemicals,2023,1605,3295.3,909.6,17158.4,9837.3,60.1,20036.4,42.3,1169,75.4,43.2,9.7,40.8,0
FAC123,Salvador Chemicals Plant 123,Brazil,Salvador,Chemicals,2024,1632,3082.5,1711.3,12417.1,15312.8,54.9,33856.9,51.6,1566.2,88.4,38,18.5,36.5,0
FAC123,Salvador Chemicals Plant 123,Brazil,Salvador,Chemicals,2025,1722,6302.8,1271.6,21356.9,19104.1,71,30462.7,62.9,980.2,45.1,39.3,17.8,37.7,0
FAC124,Campinas Electronics Plant 124,Brazil,Campinas,Electronics,2022,2117,6572.2,4253.8,35697.2,19821.8,27.9,30024.2,31.7,1526.8,53.4,31.2,20.9,32,4
FAC124,Campinas Electronics Plant 124,Brazil,Campinas,Electronics,2023,2152,5735.1,2322.1,30305.6,15180.7,25.7,49373.7,27.7,871.5,59.3,40.4,20.6,34.6,4
FAC124,Campinas Electronics Plant 124,Brazil,Campinas,Electronics,2024,2252,8211.4,4463.2,41914.2,28083,33.2,20272,39.4,1314.7,51.8,18.8,7.3,61.3,0
FAC124,Campinas Electronics Plant 124,Brazil,Campinas,Electronics,2025,2256,11644.3,4266.8,36688.1,28766.9,46.6,30049.3,64.8,1424.5,69.8,35,18.9,69.2,0
FAC125,Campinas Electronics Plant 125,Brazil,Campinas,Electronics,2022,771,3059.7,966,15376.8,8341.4,44.8,6530.5,50.5,662.3,50.9,45,11.4,12.1,1
FAC125,Campinas Electronics Plant 125,Brazil,Campinas,Electronics,2023,777,3747.4,1472.1,17902.8,8997.5,49.1,16851.7,56,613.8,37.7,34.8,8.6,45.8,1
FAC125,Campinas Electronics Plant 125,Brazil,Campinas,Electronics,2024,742,3817.8,1312.4,10499.8,9848.8,52.5,14179.1,49.4,915.2,50.7,24.2,18.3,63.8,0
FAC125,Campinas Electronics Plant 125,Brazil,Campinas,Electronics,2025,761,2771.8,598.1,14001.7,9225.6,65.7,5505.9,47.5,478.3,84.7,27.5,8.6,39.2,0
